MatchID,Time,Event,PlayerID,Country
300111117,36,C,291410,NED
300111117,53,G,215002,NED
300111116,8,G,196789,GER
300111116,12,C,305036,GER
300111116,24,C,154061,AUS
300111116,26,G,182206,GER
300111116,46,C,178312,AUS
300111116,56,E,213001,AUS
300111116,58,C,182617,AUS
300111116,68,G,321722,GER
300111116,70,G,312546,GER
300111116,90,C,312546,GER
300111115,12,G,178738,NGA
300111115,31,C,189300,NGA
300111115,37,C,200301,NGA
300111115,38,G,296013,KOR
300111115,42,C,238748,NGA
300111115,49,G,207761,KOR
300111115,68,C,188386,KOR
300111115,69,G,3989,NGA
300111114,73,G,177914,ESP
300111113,18,G,184616,NED
300111113,31,C,184616,NED
300111113,40,C,319373,SVK
300111113,72,C,207956,SVK
300111113,84,C,197793,SVK
300111113,84,G,215002,NED
300111113,90,C,184599,NED
300111113,90,G,184410,SVK
300111112,30,C,214474,SUI
300111112,52,G,216650,SUI
300111112,73,C,216642,SUI
300111112,90,C,178791,SUI
300111112,90,C,196633,SUI
300111111,15,C,200158,BRA
300111111,25,C,185324,BRA
300111111,25,C,187174,POR
300111111,31,C,187199,POR
300111111,40,C,275931,POR
300111111,43,C,194818,BRA
300111111,45,C,269784,POR
300061512,18,G,155679,NED
300061512,21,C,286481,URU
300061512,29,C,215002,NED
300061512,29,C,267829,URU
300061512,41,G,189259,URU
300061512,70,G,215002,NED
300061512,73,G,184616,NED
300061512,78,C,218246,NED
300061512,90,C,179568,NED
300061512,90,G,286481,URU
300061510,5,C,196889,GER
300061510,7,C,312546,GER
300061510,19,G,321722,GER
300061510,28,G,267834,URU
300061510,51,G,189259,URU
300061510,56,G,196791,GER
300061510,61,C,185359,URU
300061510,82,G,196900,GER
300061510,90,C,191178,GER
300061509,15,C,217315,NED
300061509,16,C,177914,ESP
300061509,22,C,179568,NED
300061509,23,C,216814,ESP
300061509,28,C,216964,NED
300061509,54,C,155679,NED
300061509,57,C,184607,NED
300061509,67,C,177907,ESP
300061509,84,C,184616,NED
300061509,109,E,184607,NED
300061509,111,C,291410,NED
300061509,116,G,183857,ESP
300061509,117,C,228281,NED
300061509,118,C,183857,ESP
300061509,120,C,177855,ESP
300061508,20,C,276132,URU
300061508,45,G,183000,GHA
300061508,48,C,286238,URU
300061508,54,C,184557,GHA
300061508,55,G,189259,URU
300061508,59,C,185359,URU
300061508,77,C,181711,GHA
300061508,93,C,184560,GHA
300061508,,PG,158398,
300061508,,PG,176546,
300061508,,PG,189259,
300061508,,PG,286484,
300061508,,PM,286481,
300061508,120,E,270775,URU
300061507,10,G,194815,BRA
300061507,14,C,184607,NED
300061507,37,C,318171,BRA
300061507,47,C,291410,NED
300061507,53,G,215002,NED
300061507,64,C,216964,NED
300061507,68,G,215002,NED
300061507,73,E,194818,BRA
300061507,76,C,155673,NED
300061506,57,C,216973,ESP
300061506,59,C,283757,PAR
300061506,59,C,313535,PAR
300061506,63,C,303034,ESP
300061506,71,C,185429,PAR
300061506,83,G,229884,ESP
300061506,88,C,276118,PAR
300061505,3,G,321722,GER
300061505,11,C,310116,ARG
300061505,35,C,321722,GER
300061505,68,G,182206,GER
300061505,74,G,191178,GER
300061505,80,C,182372,ARG
300061505,89,G,182206,GER
300061504,8,G,270775,URU
300061504,38,C,209904,KOR
300061504,68,G,268414,KOR
300061504,69,C,188387,KOR
300061504,80,G,270775,URU
300061504,83,C,237771,KOR
300061503,5,G,196897,GHA
300061503,7,C,197408,USA
300061503,18,C,182797,USA
300061503,61,C,306634,GHA
300061503,62,G,175507,USA
300061503,68,C,187160,USA
300061503,90,C,294620,GHA
300061503,93,G,208353,GHA
300061502,26,G,182373,ARG
300061502,28,C,178119,MEX
300061502,33,G,271550,ARG
300061502,52,G,182373,ARG
300061502,71,G,228599,MEX
300061501,20,G,182206,GER
300061501,32,G,196789,GER
300061501,37,G,195763,ENG
300061501,47,C,191178,GER
300061501,67,G,321722,GER
300061501,70,G,321722,GER
300061501,81,C,197464,ENG
300061500,30,C,184312,BRA
300061500,35,G,185324,BRA
300061500,38,G,200158,BRA
300061500,47,C,267543,CHI
300061500,59,G,194815,BRA
300061500,68,C,181598,CHI
300061500,72,C,298959,BRA
300061500,80,C,181603,CHI
300061498,63,G,229884,ESP
300061498,74,C,207528,ESP
300061498,80,C,187199,POR
300061498,89,E,210212,POR
300061497,58,C,198751,JPN
300061497,72,C,291372,JPN
300061497,90,C,233500,JPN
300061497,,PG,182624,
300061497,,PG,207707,
300061497,,PG,253460,
300061497,,PG,276119,
300061497,,PG,322704,
300061497,113,C,177768,JPN
300061497,118,C,253460,PAR
300061495,4,C,229436,CHI
300061495,19,C,229435,CHI
300061495,33,C,209827,HON
300061495,34,G,209502,CHI
300061494,8,C,177986,HON
300061494,17,G,229884,ESP
300061494,38,C,230117,HON
300061494,51,G,229884,ESP
300061493,2,C,209501,CHI
300061493,18,C,179033,SUI
300061493,22,C,229436,CHI
300061493,25,C,202649,CHI
300061493,31,E,216627,SUI
300061493,48,C,209979,SUI
300061493,60,C,229435,CHI
300061493,60,C,261029,SUI
300061493,61,C,267527,CHI
300061493,75,G,201785,CHI
300061493,90,C,202655,CHI
300061492,4,C,207995,HON
300061492,34,C,216650,SUI
300061492,58,C,177987,HON
300061492,64,C,297230,HON
300061492,89,C,209827,HON
300061491,15,C,267527,CHI
300061491,19,C,202649,CHI
300061491,21,C,281256,CHI
300061491,24,G,229884,ESP
300061491,37,E,281256,CHI
300061491,37,G,183857,ESP
300061491,47,G,181603,CHI
300061490,55,G,181406,BRA
300061490,72,G,202076,BRA
300061490,88,C,298959,BRA
300061490,89,G,210106,PRK
300061489,7,C,176971,CIV
300061489,21,C,201200,POR
300061489,21,C,213910,CIV
300061488,25,G,200158,BRA
300061488,31,C,3355,CIV
300061488,50,G,200158,BRA
300061488,62,G,202076,BRA
300061488,75,C,178964,CIV
300061488,79,G,212306,CIV
300061488,85,C,184312,BRA
300061488,86,C,291329,CIV
300061488,88,E,184312,BRA
300061487,29,G,210214,POR
300061487,32,C,210023,PRK
300061487,38,C,187198,POR
300061487,47,C,210032,PRK
300061487,53,G,179159,POR
300061487,56,G,214410,POR
300061487,60,G,187199,POR
300061487,70,C,214410,POR
300061487,81,G,313541,POR
300061487,87,G,201200,POR
300061487,89,G,187199,POR
300061486,14,G,198106,CIV
300061486,20,G,198111,CIV
300061486,82,G,216970,CIV
300061484,39,G,313535,PAR
300061484,62,C,283757,PAR
300061484,63,G,209119,ITA
300061484,70,C,214022,ITA
300061483,42,C,175397,NZL
300061483,50,G,184410,SVK
300061483,55,C,178464,SVK
300061483,90,C,318470,NZL
300061483,90,G,318470,NZL
300061482,7,G,198161,NZL
300061482,14,C,313808,NZL
300061482,28,C,274102,NZL
300061482,29,G,234927,ITA
300061482,87,C,198160,NZL
300061481,27,G,276117,PAR
300061481,42,C,215718,SVK
300061481,45,C,276117,PAR
300061481,47,C,215725,SVK
300061481,84,C,313909,SVK
300061481,86,G,253460,PAR
300061480,16,C,178464,SVK
300061480,25,G,184410,SVK
300061480,31,C,155957,ITA
300061480,40,C,184410,SVK
300061480,50,C,299804,SVK
300061480,67,C,215274,ITA
300061480,73,G,184410,SVK
300061480,76,C,254181,ITA
300061480,81,G,196699,ITA
300061480,82,C,299802,SVK
300061480,83,C,297409,ITA
300061480,89,G,207956,SVK
300061480,90,G,297409,ITA
300061479,10,C,283757,PAR
300061479,41,C,4039,PAR
300061479,56,C,198160,NZL
300061478,44,C,216964,NED
300061478,46,G,227846,NED
300061478,49,C,217315,NED
300061478,63,C,309962,DEN
300061478,85,G,217313,NED
300061477,39,G,233500,JPN
300061477,72,C,290931,CMR
300061477,90,C,188456,JPN
300061475,10,G,170667,CMR
300061475,33,G,254120,DEN
300061475,49,C,296813,CMR
300061475,61,G,179027,DEN
300061475,75,C,200935,CMR
300061475,86,C,177825,DEN
300061475,87,C,309962,DEN
300061474,12,C,177768,JPN
300061474,17,G,233500,JPN
300061474,26,C,291372,JPN
300061474,29,C,214948,DEN
300061474,30,G,177768,JPN
300061474,48,C,186373,DEN
300061474,66,C,254120,DEN
300061474,81,G,154949,DEN
300061474,87,G,286278,JPN
300061473,17,C,217313,NED
300061473,25,C,290931,CMR
300061473,36,G,217315,NED
300061473,65,C,180811,NED
300061473,65,G,170667,CMR
300061473,70,C,155679,NED
300061473,81,C,200935,CMR
300061473,83,G,184615,NED
300061471,19,C,216929,SRB
300061471,26,C,279145,GHA
300061471,54,C,243852,SRB
300061471,74,E,243852,SRB
300061471,83,C,207645,SRB
300061471,85,G,208353,GHA
300061471,89,C,249462,GHA
300061470,12,C,182206,GER
300061470,18,C,214388,SRB
300061470,19,C,291438,SRB
300061470,22,C,196900,GER
300061470,32,C,196748,GER
300061470,37,E,182206,GER
300061470,38,G,298885,SRB
300061470,57,C,234404,SRB
300061470,59,C,298699,SRB
300061470,73,C,196752,GER
300061469,11,G,182606,AUS
300061469,24,E,159069,AUS
300061469,25,G,208353,GHA
300061469,40,C,318419,GHA
300061469,79,C,306634,GHA
300061469,84,C,294617,GHA
300061469,85,C,154061,AUS
300061468,40,C,294620,GHA
300061468,43,C,321722,GER
300061468,60,G,305036,GER
300061467,18,C,243852,SRB
300061467,49,C,210003,AUS
300061467,50,C,181474,AUS
300061467,59,C,214994,SRB
300061467,67,C,178306,AUS
300061467,69,G,213001,AUS
300061467,73,G,182606,AUS
300061467,84,G,217019,SRB
300061466,4,G,214961,ENG
300061466,26,C,207924,ENG
300061466,39,C,182797,USA
300061466,40,G,207851,USA
300061466,47,C,271213,USA
300061466,60,C,182787,ENG
300061466,61,C,214961,ENG
300061466,74,C,296249,USA
300061465,35,C,187541,SVN
300061465,59,C,305702,ALG
300061465,73,E,305702,ALG
300061465,79,G,187539,SVN
300061465,90,C,183882,ALG
300061465,90,C,187538,SVN
300061464,58,C,182787,ENG
300061464,85,C,321682,ALG
300061463,13,G,299703,SVN
300061463,35,C,187530,SVN
300061463,40,C,296249,USA
300061463,42,G,299706,SVN
300061463,48,G,175507,USA
300061463,69,C,299695,SVN
300061463,72,C,299697,SVN
300061463,75,C,299693,SVN
300061463,82,G,233531,USA
300061462,23,G,186453,ENG
300061462,40,C,299693,SVN
300061462,48,C,197464,ENG
300061462,79,C,299703,SVN
300061462,81,C,217482,SVN
300061461,12,C,183882,ALG
300061461,62,C,238072,USA
300061461,76,C,212808,ALG
300061461,83,C,321682,ALG
300061461,90,C,175498,USA
300061461,90,E,212808,ALG
300061461,90,G,175507,USA
300061460,6,G,201964,ARG
300061460,41,C,198149,ARG
300061460,77,C,269089,NGA
300061459,7,G,296013,KOR
300061459,52,G,177788,KOR
300061459,56,C,228336,GRE
300061458,10,C,263395,KOR
300061458,17,G,207761,ARG
300061458,33,G,271550,ARG
300061458,34,C,268414,KOR
300061458,45,G,268414,KOR
300061458,54,C,198149,ARG
300061458,55,C,182372,ARG
300061458,74,C,201964,ARG
300061458,76,G,271550,ARG
300061458,80,G,271550,ARG
300061457,15,C,299090,GRE
300061457,16,G,178738,NGA
300061457,33,E,233751,NGA
300061457,44,G,215513,GRE
300061457,59,C,228351,GRE
300061457,71,G,228336,GRE
300061457,88,C,297112,GRE
300061457,89,C,200301,NGA
300061455,30,C,214887,GRE
300061455,76,C,313704,ARG
300061455,77,G,233703,ARG
300061455,89,G,180583,ARG
300061454,18,C,228592,MEX
300061454,27,C,269986,RSA
300061454,55,G,249477,RSA
300061454,57,C,70097,MEX
300061454,70,C,249474,RSA
300061454,79,G,178119,MEX
300061453,12,C,212246,FRA
300061453,19,C,248373,FRA
300061453,59,C,286484,URU
300061453,65,C,305378,URU
300061453,68,C,254145,FRA
300061453,81,E,305378,URU
300061453,90,C,239433,URU
300061452,6,C,189676,RSA
300061452,24,G,189259,URU
300061452,42,C,269986,RSA
300061452,76,E,294665,RSA
300061452,80,G,189259,URU
300061452,90,G,229502,URU
300061451,4,C,241632,MEX
300061451,45,C,254145,FRA
300061451,48,C,228592,MEX
300061451,49,C,238112,MEX
300061451,64,G,228599,MEX
300061451,78,C,217974,FRA
300061451,79,G,162580,MEX
300061451,82,C,209960,MEX
300061450,43,G,270775,URU
300061450,68,C,276132,URU
300061450,77,C,228599,MEX
300061450,86,C,227849,MEX
300061449,20,G,297811,RSA
300061449,25,E,254144,FRA
300061449,37,G,230776,RSA
300061449,70,G,225204,FRA
300061449,71,C,297102,FRA
97410064,5,C,177655,ITA
97410064,7,G,163331,FRA
97410064,12,C,181292,FRA
97410064,19,G,184451,ITA
97410064,76,C,181293,FRA
97410064,,PC,170709,
97410064,,PG,177719,
97410064,,PG,181292,
97410064,,PG,217974,
97410064,110,E,163331,FRA
97410064,111,C,225204,FRA
97410063,7,C,182207,GER
97410063,24,C,210212,POR
97410063,33,C,177657,POR
97410063,56,G,196752,GER
97410063,60,C,187197,POR
97410063,60,G,182197,GER
97410063,78,C,196752,GER
97410063,78,G,196752,GER
97410063,88,G,165260,POR
97410062,33,G,163331,FRA
97410062,83,C,214957,POR
97410062,87,C,209791,FRA
97410061,40,C,191193,GER
97410061,56,C,185434,GER
97410061,90,C,214022,ITA
97410061,119,G,230756,ITA
97410061,121,G,155963,ITA
97410060,25,C,76824,BRA
97410060,45,C,185324,BRA
97410060,45,C,92699,BRA
97410060,57,G,170711,FRA
97410060,74,C,181292,FRA
97410060,75,C,178520,BRA
97410060,87,C,209791,FRA
97410060,88,C,163666,FRA
97410059,30,C,214962,ENG
97410059,44,C,182197,POR
97410059,62,E,196842,ENG
97410059,,PG,179159,
97410059,,PG,187203,
97410059,,PG,201200,
97410059,,PM,182197,
97410059,,PP,189432,
97410059,107,C,182050,ENG
97410059,111,C,214957,POR
97410058,6,G,177655,ITA
97410058,16,C,229846,UKR
97410058,21,C,216226,UKR
97410058,59,G,217882,ITA
97410058,67,C,216753,UKR
97410058,69,G,217882,ITA
97410057,3,C,196789,GER
97410057,46,C,153977,ARG
97410057,49,G,153933,ARG
97410057,60,C,182372,ARG
97410057,80,G,182206,GER
97410057,88,C,184291,ARG
97410057,90,C,196757,GER
97410057,95,C,153954,ARG
97410057,,E,193984,ARG
97410057,,PG,153954,
97410057,,PG,184291,
97410057,,PS,153933,
97410057,,PS,183574,
97410057,114,C,191178,GER
97410056,28,G,229884,ESP
97410056,41,G,248373,FRA
97410056,68,C,170707,FRA
97410056,82,C,177914,ESP
97410056,83,G,170707,FRA
97410056,87,C,248373,FRA
97410056,90,C,163331,FRA
97410056,90,G,163331,FRA
97410055,5,G,92699,BRA
97410055,7,C,155382,GHA
97410055,11,C,183000,GHA
97410055,13,C,175683,BRA
97410055,29,C,184557,GHA
97410055,38,C,253358,GHA
97410055,44,C,185324,BRA
97410055,45,G,175683,BRA
97410055,48,C,208353,GHA
97410055,81,E,208353,GHA
97410055,84,G,170687,BRA
97410054,59,C,209979,SUI
97410054,,PG,158385,
97410054,,PG,216220,
97410054,,PG,216753,
97410054,,PS,158386,
97410053,23,C,178324,AUS
97410053,29,C,230756,ITA
97410053,49,C,213001,AUS
97410053,50,E,184451,ITA
97410053,61,C,181474,AUS
97410053,89,C,177845,ITA
97410053,90,C,177655,ITA
97410053,90,G,165247,ITA
97410052,2,C,179568,NED
97410052,7,C,218246,NED
97410052,20,C,214964,POR
97410052,23,G,214964,POR
97410052,31,C,177657,POR
97410052,45,E,177657,POR
97410052,50,C,182197,POR
97410052,59,C,155679,NED
97410052,60,C,160130,POR
97410052,63,E,218246,NED
97410052,73,C,199026,POR
97410052,73,C,215002,NED
97410052,74,C,180811,NED
97410052,76,C,182194,POR
97410052,76,C,214967,POR
97410052,78,E,199026,POR
97410052,90,E,155679,NED
97410051,18,C,214962,ENG
97410051,24,C,202544,ECU
97410051,37,C,187434,ECU
97410051,60,G,161454,ENG
97410051,67,C,155010,ECU
97410051,78,C,214963,ENG
97410051,82,C,182787,ENG
97410050,6,G,178119,MEX
97410050,10,G,162680,ARG
97410050,45,C,201964,ARG
97410050,70,C,178119,MEX
97410050,82,C,214015,MEX
97410050,98,G,184291,ARG
97410050,112,C,153977,ARG
97410050,118,C,70097,MEX
97410050,119,C,214012,MEX
97410049,4,G,196789,GER
97410049,12,G,196789,GER
97410049,27,C,182207,GER
97410049,28,C,185507,SWE
97410049,35,E,185507,SWE
97410049,48,C,185506,SWE
97410049,78,C,177703,SWE
97410048,9,C,176953,TUN
97410048,18,C,229846,UKR
97410048,43,C,213370,TUN
97410048,45,E,176953,TUN
97410048,47,C,216233,UKR
97410048,61,C,178953,UKR
97410048,65,C,216223,UKR
97410048,70,G,158386,UKR
97410048,90,C,158268,TUN
97410047,27,C,77503,KSA
97410047,30,C,177917,ESP
97410047,35,C,197690,ESP
97410047,36,G,198446,ESP
97410047,75,C,177846,ESP
97410047,77,C,170787,KSA
97410046,23,C,207761,KOR
97410046,23,G,209989,SUI
97410046,37,C,198547,KOR
97410046,43,C,209989,SUI
97410046,55,C,178791,SUI
97410046,69,C,157840,SUI
97410046,77,G,182647,SUI
97410046,78,C,156216,KOR
97410046,78,C,159323,KOR
97410046,80,C,178469,KOR
97410046,82,C,214476,SUI
97410046,90,C,216645,SUI
97410045,30,C,181293,FRA
97410045,38,C,158045,TOG
97410045,44,C,214456,TOG
97410045,55,G,170707,FRA
97410045,61,G,170711,FRA
97410045,88,C,4309,TOG
97410044,2,G,210704,CRO
97410044,32,C,155707,CRO
97410044,38,C,155712,CRO
97410044,38,G,154061,AUS
97410044,56,G,155696,CRO
97410044,61,C,188511,CRO
97410044,70,C,179048,CRO
97410044,79,G,159069,AUS
97410044,81,C,178306,AUS
97410044,85,E,155707,CRO
97410044,87,E,178306,AUS
97410044,90,E,188511,CRO
97410043,34,G,211976,JPN
97410043,40,C,194226,JPN
97410043,44,C,176534,BRA
97410043,45,G,92699,BRA
97410043,53,G,176530,BRA
97410043,59,G,176534,BRA
97410043,81,G,92699,BRA
97410042,5,C,175524,GHA
97410042,7,C,178101,USA
97410042,22,G,235367,GHA
97410042,32,C,209161,GHA
97410042,43,G,207851,USA
97410042,45,G,155382,GHA
97410042,81,C,184560,GHA
97410042,90,C,155382,GHA
97410041,26,G,184451,ITA
97410041,31,C,177845,ITA
97410041,35,C,177897,CZE
97410041,45,E,177897,CZE
97410041,87,G,155969,ITA
97410040,22,C,209201,ANG
97410040,37,C,184086,IRN
97410040,45,C,178780,ANG
97410040,55,C,237949,IRN
97410040,60,G,176991,ANG
97410040,67,C,214617,ANG
97410040,75,G,159284,IRN
97410040,90,C,213109,IRN
97410039,6,G,214964,POR
97410039,22,C,209960,MEX
97410039,24,G,179159,POR
97410039,26,C,187204,POR
97410039,27,C,176549,MEX
97410039,29,G,214012,MEX
97410039,61,E,176549,MEX
97410039,65,C,178119,MEX
97410039,69,C,214964,POR
97410039,87,C,218252,MEX
97410039,88,C,184454,POR
97410039,90,C,165260,POR
97410038,10,G,216929,SCG
97410038,17,C,158775,SCG
97410038,20,G,"(None, None)",SCG
97410038,33,C,178964,CIV
97410038,35,C,216916,SCG
97410038,37,C,182667,SCG
97410038,37,G,176984,CIV
97410038,41,C,3347,CIV
97410038,43,C,176984,CIV
97410038,45,E,158775,SCG
97410038,57,C,216917,SCG
97410038,67,G,176984,CIV
97410038,86,G,177615,CIV
97410038,90,E,3347,CIV
97410037,28,C,217313,NED
97410037,42,C,155673,NED
97410037,48,C,238003,NED
97410037,57,C,183574,ARG
97410037,90,C,182372,ARG
97410036,25,G,4332,PAR
97410036,30,C,170674,PAR
97410036,45,C,4332,TRI
97410036,48,C,180653,TRI
97410036,54,C,198282,PAR
97410036,86,G,182783,PAR
97410035,34,G,179662,ENG
97410035,51,G,177703,SWE
97410035,76,C,182050,ENG
97410035,83,C,95673,SWE
97410035,85,G,214961,ENG
97410035,87,C,169551,SWE
97410035,90,G,77995,SWE
97410034,17,C,208120,CRC
97410034,18,C,195105,POL
97410034,24,C,95557,POL
97410034,25,G,170167,CRC
97410034,29,C,178967,POL
97410034,33,G,216135,POL
97410034,45,C,170167,CRC
97410034,45,C,170171,CRC
97410034,56,C,183788,CRC
97410034,60,C,186048,POL
97410034,66,G,216135,POL
97410034,76,C,200738,CRC
97410034,90,C,216129,POL
97410033,4,G,182206,GER
97410033,44,G,182206,GER
97410033,52,C,202544,ECU
97410033,57,G,196789,GER
97410033,75,C,191193,GER
97410032,4,G,216223,UKR
97410032,22,C,178945,UKR
97410032,36,G,158385,UKR
97410032,41,C,159257,KSA
97410032,46,G,158386,UKR
97410032,57,C,213483,KSA
97410032,73,C,210441,KSA
97410032,77,C,216226,UKR
97410032,84,G,216226,UKR
97410032,89,C,229846,UKR
97410031,8,G,213369,TUN
97410031,30,C,177914,ESP
97410031,32,C,213375,TUN
97410031,40,C,170770,TUN
97410031,70,C,158268,TUN
97410031,71,G,155148,ESP
97410031,76,G,183864,ESP
97410031,81,C,209148,TUN
97410031,85,C,176953,TUN
97410031,89,C,200179,ESP
97410031,90,C,213369,TUN
97410031,90,G,183864,ESP
97410030,16,G,182647,SUI
97410030,45,C,4309,TOG
97410030,47,C,178594,TOG
97410030,53,C,238679,TOG
97410030,88,G,209979,SUI
97410030,90,C,157838,SUI
97410029,9,G,170711,FRA
97410029,11,C,207763,KOR
97410029,29,C,209900,KOR
97410029,79,C,217974,FRA
97410029,81,G,177788,KOR
97410029,85,C,163331,FRA
97410028,21,C,177760,JPN
97410028,32,C,179049,CRO
97410028,42,C,156047,JPN
97410028,69,C,210704,CRO
97410028,72,C,187349,JPN
97410027,13,C,178306,AUS
97410027,29,C,76824,BRA
97410027,31,C,92699,BRA
97410027,39,C,178303,AUS
97410027,49,G,175683,BRA
97410027,83,C,194815,BRA
97410027,90,G,233952,BRA
97410026,2,G,208353,GHA
97410026,18,C,178264,GHA
97410026,37,C,175524,GHA
97410026,49,C,154901,CZE
97410026,65,E,177894,CZE
97410026,66,C,208353,GHA
97410026,75,C,183008,GHA
97410026,82,G,183000,GHA
97410026,84,C,183000,GHA
97410026,90,C,253359,GHA
97410025,5,C,165247,ITA
97410025,21,C,158473,USA
97410025,22,G,210205,ITA
97410025,27,G,210192,USA
97410025,28,E,209119,ITA
97410025,45,E,188293,USA
97410025,47,E,158473,USA
97410025,70,C,177655,ITA
97410024,20,C,185641,IRN
97410024,32,C,184086,IRN
97410024,45,C,166375,POR
97410024,48,C,199026,POR
97410024,61,C,177657,POR
97410024,63,G,199026,POR
97410024,73,C,182901,IRN
97410024,80,G,201200,POR
97410024,88,C,155851,IRN
97410023,13,C,176992,ANG
97410023,44,C,205056,ANG
97410023,50,C,214617,ANG
97410023,59,C,209955,MEX
97410023,79,E,205056,ANG
97410023,86,C,162685,ANG
97410022,23,G,217315,NED
97410022,25,C,176971,CIV
97410022,27,G,183576,NED
97410022,34,C,184616,NED
97410022,35,C,228281,NED
97410022,38,G,211352,CIV
97410022,41,C,212306,CIV
97410022,58,C,179568,NED
97410022,66,C,198489,CIV
97410022,90,C,218246,NED
97410021,6,G,184291,ARG
97410021,7,C,217015,SCG
97410021,27,C,158775,SCG
97410021,31,G,183574,ARG
97410021,36,C,162680,ARG
97410021,41,G,184291,ARG
97410021,42,C,182757,SCG
97410021,65,E,177709,SCG
97410021,78,G,162680,ARG
97410021,84,G,182373,ARG
97410021,88,G,229397,ARG
97410020,3,C,162763,PAR
97410020,14,C,182648,SWE
97410020,48,C,185507,SWE
97410020,51,C,157138,PAR
97410020,54,C,245617,PAR
97410020,60,C,177703,SWE
97410020,74,C,170674,PAR
97410020,85,C,182624,PAR
97410020,89,G,169551,SWE
97410019,18,C,214131,TRI
97410019,19,C,180653,TRI
97410019,46,C,185669,TRI
97410019,47,C,180648,TRI
97410019,56,C,182759,TRI
97410019,64,C,185385,ENG
97410019,83,G,194176,ENG
97410019,91,G,214961,ENG
97410018,8,G,187434,ECU
97410018,10,C,170171,CRC
97410018,28,C,154793,CRC
97410018,44,C,184545,ECU
97410018,54,C,155010,ECU
97410018,54,G,155011,ECU
97410018,60,C,235273,ECU
97410018,90,G,3508,ECU
97410017,3,C,178969,POL
97410017,28,C,217260,POL
97410017,58,C,177667,GER
97410017,68,C,196757,GER
97410017,70,C,185434,GER
97410017,75,E,217260,POL
97410017,89,C,216129,POL
97410017,90,G,179558,GER
97410016,23,G,176953,TUN
97410016,35,C,210564,TUN
97410016,36,C,213370,TUN
97410016,57,G,210439,KSA
97410016,65,C,213371,TUN
97410016,79,C,233781,TUN
97410016,84,G,77503,KSA
97410016,90,G,158268,TUN
97410015,13,G,207528,ESP
97410015,17,C,216223,UKR
97410015,17,G,229884,ESP
97410015,47,E,166297,UKR
97410015,48,G,229884,ESP
97410015,53,C,216224,UKR
97410015,81,G,183864,ESP
97410014,23,C,93299,TOG
97410014,24,C,238679,TOG
97410014,31,G,158048,TOG
97410014,41,C,198556,KOR
97410014,51,C,178469,KOR
97410014,53,E,93299,TOG
97410014,54,G,178469,KOR
97410014,72,G,156216,KOR
97410014,90,C,158074,TOG
97410013,42,C,178789,SUI
97410013,45,C,209790,SUI
97410013,56,C,196667,SUI
97410013,64,C,217974,FRA
97410013,72,C,163331,FRA
97410013,72,C,178790,SUI
97410013,90,C,181292,FRA
97410013,90,C,182647,SUI
97410012,26,G,177773,JPN
97410012,31,C,177760,JPN
97410012,33,C,178324,AUS
97410012,40,C,177778,JPN
97410012,58,C,154061,AUS
97410012,68,C,184367,JPN
97410012,69,C,213001,AUS
97410012,78,C,154050,AUS
97410012,84,G,213001,AUS
97410012,89,G,213001,AUS
97410012,90,G,154050,AUS
97410011,32,C,155696,CRO
97410011,42,C,171149,BRA
97410011,44,G,184312,BRA
97410011,67,C,179049,CRO
97410011,90,C,155712,CRO
97410010,5,C,175511,USA
97410010,5,G,177712,CZE
97410010,16,C,214944,CZE
97410010,36,G,177823,CZE
97410010,59,C,154901,CZE
97410010,60,C,84703,USA
97410010,76,G,177823,CZE
97410010,81,C,177823,CZE
97410010,88,C,177891,CZE
97410009,10,C,209119,ITA
97410009,40,G,177876,ITA
97410009,41,C,183000,GHA
97410009,62,C,214022,ITA
97410009,65,C,208353,GHA
97410009,83,G,234927,ITA
97410009,88,C,234927,ITA
97410008,4,G,166375,POR
97410008,26,C,201200,POR
97410008,28,C,253600,ANG
97410008,45,C,209201,ANG
97410008,52,C,205056,ANG
97410008,79,C,214967,POR
97410007,18,C,70097,MEX
97410007,28,G,214007,MEX
97410007,36,G,155851,IRN
97410007,55,C,185641,IRN
97410007,76,G,214007,MEX
97410007,79,G,218252,MEX
97410007,90,C,218253,MEX
97410006,18,G,184616,NED
97410006,34,C,170750,SCG
97410006,56,C,155679,NED
97410006,64,C,217015,SCG
97410006,81,C,"(None, None)",SCG
97410006,85,C,184607,NED
97410006,90,C,216917,SCG
97410005,24,G,162680,ARG
97410005,38,G,178837,ARG
97410005,41,C,178837,ARG
97410005,48,C,201964,ARG
97410005,62,C,198051,CIV
97410005,81,C,201965,ARG
97410005,82,G,212306,CIV
97410005,90,C,212306,CIV
97410004,15,C,158221,TRI
97410004,46,E,158221,TRI
97410004,74,C,60183,TRI
97410004,90,C,77995,SWE
97410003,3,G,94915,ENG
97410003,19,C,214961,ENG
97410003,22,C,207707,PAR
97410003,63,C,194176,ENG
97410002,24,G,187434,ECU
97410002,31,C,169238,ECU
97410002,37,C,188516,POL
97410002,70,C,178842,ECU
97410002,80,G,155011,ECU
97410001,6,G,196748,GER
97410001,12,G,154799,CRC
97410001,17,G,182206,GER
97410001,30,C,194152,CRC
97410001,61,G,182206,GER
97410001,73,G,154799,CRC
97410001,87,G,182207,GER
43950064,6,C,178105,BRA
43950064,9,C,182206,GER
43950064,67,G,92699,BRA
43950064,79,G,92699,BRA
43950063,1,G,163107,TUR
43950063,9,G,189571,KOR
43950063,13,G,186677,TUR
43950063,23,C,189571,KOR
43950063,32,G,186677,TUR
43950063,50,C,95146,TUR
43950063,83,C,95586,TUR
43950063,90,G,179025,KOR
43950062,41,C,187267,BRA
43950062,49,G,92699,BRA
43950062,59,C,95146,TUR
43950062,90,C,166347,TUR
43950061,71,C,177667,GER
43950061,75,G,177667,GER
43950061,85,C,179558,GER
43950061,90,C,156236,KOR
43950060,4,G,186677,TUR
43950060,12,C,177515,SEN
43950060,22,C,179306,TUR
43950060,63,C,177583,SEN
43950060,87,C,186677,TUR
43950059,21,C,170678,ESP
43950059,52,C,156242,KOR
43950059,53,C,161435,ESP
43950059,,PG,156216,
43950059,,PG,174626,
43950059,,PG,177788,
43950059,,PG,177806,
43950059,,PG,2188,
43950058,39,G,177667,GER
43950058,40,C,178101,USA
43950058,41,C,158473,USA
43950058,66,C,184403,GER
43950058,68,C,155344,GER
43950058,68,C,84703,USA
43950058,69,C,188293,USA
43950058,70,C,178167,USA
43950057,23,G,170722,ENG
43950057,45,G,170691,BRA
43950057,50,G,3243,BRA
43950057,57,E,3243,BRA
43950057,75,C,155117,ENG
43950057,86,C,170721,ENG
43950056,4,C,177880,ITA
43950056,9,C,178469,KOR
43950056,13,E,165247,ITA
43950056,17,C,169918,KOR
43950056,18,G,155979,ITA
43950056,22,C,165247,ITA
43950056,25,C,159323,KOR
43950056,27,G,156216,KOR
43950056,55,C,155978,ITA
43950056,59,C,177884,ITA
43950056,80,C,179025,KOR
43950056,88,G,177806,KOR
43950055,12,G,177734,TUR
43950055,21,C,177731,TUR
43950055,44,C,159350,TUR
43950055,45,C,177782,JPN
43950055,90,C,163107,TUR
43950054,24,C,177682,BEL
43950054,28,C,170688,BRA
43950054,67,G,170691,BRA
43950054,87,G,92699,BRA
43950053,8,G,158471,USA
43950053,26,C,158473,USA
43950053,37,C,165626,MEX
43950053,47,C,188293,USA
43950053,50,C,178418,USA
43950053,53,C,178167,USA
43950053,65,G,175507,USA
43950053,67,C,170333,MEX
43950053,70,C,162580,MEX
43950053,81,C,77275,MEX
43950053,83,C,77525,USA
43950053,84,C,162582,MEX
43950053,88,E,178119,MEX
43950052,8,G,170678,ESP
43950052,62,C,184438,ESP
43950052,87,C,179536,ESP
43950052,89,C,174605,ESP
43950052,90,G,179102,IRL
43950052,,PC,179619,
43950052,,PG,179102,
43950052,,PG,179106,
43950052,,PS,155820,
43950052,,PS,159423,
43950051,4,C,182160,SEN
43950051,11,G,77995,SWE
43950051,14,G,4102,SEN
43950051,37,G,4102,SEN
43950051,73,C,178878,SEN
43950050,5,G,170721,ENG
43950050,22,G,170722,ENG
43950050,24,C,95174,DEN
43950050,44,G,177656,ENG
43950050,50,C,185383,ENG
43950049,26,C,157138,PAR
43950049,35,C,164548,GER
43950049,50,C,162010,PAR
43950049,71,C,179551,GER
43950049,88,G,179558,GER
43950049,90,C,177667,GER
43950049,90,E,157138,PAR
43950048,3,G,178975,POL
43950048,5,G,178976,POL
43950048,44,C,166751,POL
43950048,46,C,95546,POL
43950048,63,C,157288,POL
43950048,66,G,178968,POL
43950048,72,C,158461,USA
43950048,83,G,175507,USA
43950048,86,C,178975,POL
43950047,22,C,159294,POR
43950047,24,C,169918,KOR
43950047,27,E,163936,POR
43950047,57,C,177806,KOR
43950047,66,E,159294,POR
43950047,70,G,177788,KOR
43950047,74,C,188386,KOR
43950047,83,C,160555,POR
43950047,90,C,156216,KOR
43950046,7,G,76144,BEL
43950046,12,C,159558,RUS
43950046,14,C,178831,RUS
43950046,39,C,177682,BEL
43950046,52,G,77512,RUS
43950046,64,C,157454,RUS
43950046,78,G,184587,BEL
43950046,82,G,44755,BEL
43950046,84,C,189213,RUS
43950046,88,G,189214,RUS
43950045,21,C,213370,TUN
43950045,48,G,156053,JPN
43950045,75,G,156055,JPN
43950045,81,C,158243,TUN
43950044,48,G,178842,ECU
43950044,72,C,170753,CRO
43950044,86,C,94983,ECU
43950044,90,C,188511,CRO
43950043,2,C,162670,MEX
43950043,5,C,155957,ITA
43950043,10,C,91469,ITA
43950043,34,G,185038,MEX
43950043,43,C,165247,ITA
43950043,55,C,177655,ITA
43950043,57,C,177662,ITA
43950043,84,C,170808,MEX
43950043,85,G,155963,ITA
43950042,6,G,166347,TUR
43950042,9,G,167060,TUR
43950042,19,C,162055,TUR
43950042,30,C,179306,TUR
43950042,45,C,185628,CHN
43950042,58,E,183443,CHN
43950042,62,C,183592,CHN
43950042,81,C,166347,TUR
43950042,85,G,177734,TUR
43950041,10,G,92699,BRA
43950041,13,G,92699,BRA
43950041,38,G,178116,BRA
43950041,39,G,154799,CRC
43950041,56,G,170167,CRC
43950041,62,G,170691,BRA
43950041,64,G,178112,BRA
43950041,90,C,76824,BRA
43950040,4,C,170674,PAR
43950040,15,C,177697,SVN
43950040,22,E,170674,PAR
43950040,45,G,177700,SVN
43950040,65,G,182783,PAR
43950040,68,C,157906,SVN
43950040,69,C,157911,SVN
43950040,73,G,162013,PAR
43950040,79,C,177695,SVN
43950040,81,E,186557,SVN
43950040,84,G,182783,PAR
43950039,4,G,155148,ESP
43950039,16,C,4079,RSA
43950039,31,G,170650,RSA
43950039,45,G,168776,ESP
43950039,53,G,93410,RSA
43950039,56,G,155148,ESP
43950039,67,C,177447,RSA
43950039,69,C,4078,RSA
43950039,81,C,177007,RSA
43950037,45,E,174454,ARG
43950037,55,C,78407,ARG
43950037,58,C,153931,ARG
43950037,59,G,179023,SWE
43950037,65,C,177681,SWE
43950037,75,C,170129,ARG
43950037,78,C,77995,SWE
43950037,88,G,162680,ARG
43950036,7,G,179102,IRL
43950036,61,C,170787,KSA
43950036,61,G,155818,IRL
43950036,70,C,44658,IRL
43950036,87,G,179104,IRL
43950035,8,C,111332,CMR
43950035,9,C,168509,GER
43950035,29,C,159386,GER
43950035,31,C,177667,GER
43950035,37,C,165009,GER
43950035,40,E,165009,GER
43950035,42,C,170657,CMR
43950035,42,C,78091,GER
43950035,44,C,178258,CMR
43950035,50,G,155336,GER
43950035,56,C,176652,CMR
43950035,58,C,170668,CMR
43950035,60,C,159566,CMR
43950035,72,C,155370,GER
43950035,74,C,182207,GER
43950035,77,E,159566,CMR
43950035,79,G,182206,GER
43950035,81,C,171400,CMR
43950034,2,C,4102,SEN
43950034,4,C,177515,SEN
43950034,8,C,158439,URU
43950034,19,C,4373,URU
43950034,20,G,4108,SEN
43950034,26,G,185142,SEN
43950034,35,C,177265,URU
43950034,38,G,185142,SEN
43950034,39,C,178878,SEN
43950034,40,C,4388,URU
43950034,46,G,185368,URU
43950034,69,C,185142,SEN
43950034,69,G,189259,URU
43950034,82,C,158427,URU
43950034,82,C,4107,SEN
43950034,87,C,183774,SEN
43950034,87,C,4108,SEN
43950034,88,G,158435,URU
43950033,8,C,160559,FRA
43950033,22,G,179027,DEN
43950033,27,C,186373,DEN
43950033,67,G,154949,DEN
43950033,71,C,168270,DEN
43950032,14,G,166375,POR
43950032,21,C,95548,POL
43950032,25,C,184452,POR
43950032,27,C,160555,POR
43950032,31,C,165745,POR
43950032,39,C,178977,POL
43950032,65,G,166375,POR
43950032,77,G,166375,POR
43950032,88,G,161070,POR
43950031,13,G,44755,BEL
43950031,17,G,4339,TUN
43950031,22,C,159366,TUN
43950031,40,C,375523,BEL
43950031,43,C,158261,TUN
43950031,68,C,170770,TUN
43950031,69,C,170743,TUN
43950030,24,G,178091,USA
43950030,30,C,158461,USA
43950030,39,C,158451,USA
43950030,78,G,156216,KOR
43950030,80,C,2188,KOR
43950029,13,C,186804,RUS
43950029,15,C,177760,JPN
43950029,38,C,159558,RUS
43950029,42,C,177766,JPN
43950029,51,G,177771,JPN
43950029,60,C,159430,RUS
43950029,90,C,94407,JPN
43950028,20,C,162055,TUR
43950028,24,C,181314,CRC
43950028,43,C,181315,CRC
43950028,45,C,95146,TUR
43950028,56,G,179306,TUR
43950028,86,G,182590,CRC
43950028,89,C,179306,TUR
43950027,5,G,155011,ECU
43950027,15,C,3508,ECU
43950027,27,C,155002,ECU
43950027,28,G,185038,MEX
43950027,49,C,179593,ECU
43950027,57,G,70097,MEX
43950027,61,C,187434,ECU
43950027,65,C,70097,MEX
43950027,87,C,155011,ECU
43950026,15,G,170688,BRA
43950026,25,C,3243,BRA
43950026,32,G,170691,BRA
43950026,45,G,3243,BRA
43950026,55,G,92699,BRA
43950026,69,C,178105,BRA
43950025,39,C,179049,CRO
43950025,51,C,155979,ITA
43950025,55,G,155979,ITA
43950025,73,G,187258,CRO
43950025,76,G,164496,CRO
43950024,4,G,4078,RSA
43950024,12,C,93410,RSA
43950024,35,C,179140,SVN
43950024,52,C,177695,SVN
43950024,59,C,181632,RSA
43950024,62,C,157896,SVN
43950024,75,C,177697,SVN
43950023,13,C,75952,ARG
43950023,29,C,182786,ENG
43950023,44,G,161454,ENG
43950023,50,C,177656,ENG
43950022,9,C,179536,ESP
43950022,10,G,177914,PAR
43950022,44,C,162012,PAR
43950022,53,G,170678,ESP
43950022,60,C,177219,PAR
43950022,69,G,170678,ESP
43950022,80,C,4039,PAR
43950022,83,G,174605,ESP
43950021,27,G,178390,NGA
43950021,31,C,168741,SWE
43950021,35,G,77995,SWE
43950021,63,G,77995,SWE
43950021,69,C,95673,SWE
43950021,80,C,156924,NGA
43950020,7,C,171139,DEN
43950020,10,C,4108,SEN
43950020,16,G,154949,DEN
43950020,20,C,154949,DEN
43950020,52,G,182157,SEN
43950020,62,C,182157,SEN
43950020,80,E,182157,SEN
43950020,82,C,154928,DEN
43950020,84,C,186373,DEN
43950019,10,C,154649,CMR
43950019,59,C,186427,KSA
43950019,66,G,170667,CMR
43950018,11,C,177265,URU
43950018,25,E,170711,FRA
43950018,45,C,158398,URU
43950018,45,C,158439,URU
43950018,45,C,95448,FRA
43950018,47,C,158445,URU
43950017,19,G,182206,GER
43950017,90,G,179102,IRL
43950016,4,G,178412,USA
43950016,29,G,160555,USA
43950016,34,C,159294,POR
43950016,36,G,158471,USA
43950016,39,G,159294,POR
43950016,52,C,182197,POR
43950016,71,G,158451,POR
43950016,90,C,175498,USA
43950015,27,C,189925,RUS
43950015,50,C,159366,TUN
43950015,59,G,178833,RUS
43950015,64,G,77516,RUS
43950015,75,C,176953,TUN
43950015,88,C,157454,RUS
43950014,26,G,174626,KOR
43950014,31,C,178969,POL
43950014,53,G,156242,KOR
43950014,70,C,177788,KOR
43950014,79,C,169660,POL
43950014,84,C,95548,POL
43950014,90,C,188387,KOR
43950013,21,C,184585,BEL
43950013,31,C,177782,JPN
43950013,54,C,177771,JPN
43950013,57,G,44755,BEL
43950013,59,G,182445,JPN
43950013,62,C,154199,BEL
43950013,67,G,177771,JPN
43950013,75,G,184585,BEL
43950013,82,C,95624,BEL
43950012,15,C,170171,CRC
43950012,17,C,154793,CRC
43950012,60,C,154578,CHN
43950012,61,G,170167,CRC
43950012,65,G,154801,CRC
43950012,72,C,183441,CHN
43950012,77,C,183444,CHN
43950012,79,C,170167,CRC
43950012,85,C,178004,CRC
43950011,7,G,155979,ITA
43950011,14,C,3512,ECU
43950011,27,G,155979,ITA
43950011,49,C,155010,ECU
43950011,54,C,94983,ECU
43950011,81,C,155957,ITA
43950010,21,C,159357,TUR
43950010,24,C,166286,TUR
43950010,44,C,177731,TUR
43950010,45,G,166347,TUR
43950010,50,G,92699,BRA
43950010,73,C,63876,BRA
43950010,86,E,177731,TUR
43950010,87,G,170691,BRA
43950010,90,E,166286,TUR
43950009,59,E,170829,CRO
43950009,60,G,162580,MEX
43950008,36,C,183383,ESP
43950008,44,G,155148,ESP
43950008,45,C,157906,SVN
43950008,65,C,157897,SVN
43950008,74,G,183383,ESP
43950008,82,G,157897,SVN
43950008,87,G,174605,ESP
43950007,51,C,3076,ARG
43950007,63,G,75952,ARG
43950007,73,C,3996,NGA
43950007,90,C,76115,ARG
43950006,3,C,177007,RSA
43950006,9,C,170641,RSA
43950006,35,C,189334,PAR
43950006,38,C,170650,RSA
43950006,39,G,4039,PAR
43950006,45,C,181629,RSA
43950006,55,G,162012,PAR
43950006,63,G,181632,RSA
43950006,65,C,162763,PAR
43950006,90,C,157163,PAR
43950006,90,C,178244,PAR
43950006,90,G,170647,RSA
43950005,12,C,161455,ENG
43950005,24,G,161455,ENG
43950005,45,C,177703,SWE
43950005,59,G,95673,SWE
43950005,73,C,157936,SWE
43950004,20,G,182206,GER
43950004,25,G,182206,GER
43950004,40,G,177667,GER
43950004,43,C,155370,GER
43950004,45,G,168509,GER
43950004,70,G,182206,GER
43950004,73,G,155354,GER
43950004,83,C,159386,GER
43950004,84,G,155334,GER
43950004,90,C,70092,KSA
43950004,90,G,164548,GER
43950003,25,C,95028,URU
43950003,34,C,50739,DEN
43950003,45,G,154949,DEN
43950003,47,G,4388,URU
43950003,51,C,177716,DEN
43950003,83,G,154949,DEN
43950002,30,C,118290,IRL
43950002,39,G,154626,CMR
43950002,51,C,179106,IRL
43950002,52,G,179619,IRL
43950002,82,C,187553,IRL
43950002,89,C,130674,CMR
43950001,30,G,185142,SEN
43950001,45,C,95448,FRA
43950001,51,C,177583,SEN
8788,27,G,163331,FRA
8788,33,C,170686,BRA
8788,39,C,48455,FRA
8788,45,G,163331,FRA
8788,48,C,95650,FRA
8788,56,C,96074,FRA
8788,68,C,95650,FRA
8788,68,E,95650,FRA
8788,90,G,95448,FRA
8787,14,G,174882,CRO
8787,22,G,155685,NED
8787,34,C,170478,CRO
8787,36,G,155711,CRO
8787,52,C,159565,CRO
8787,69,C,155686,CRO
8787,74,C,159172,CRO
8787,89,C,160385,NED
8787,89,C,77409,NED
8786,45,C,155686,CRO
8786,46,G,155711,CRO
8786,47,G,163666,FRA
8786,70,G,163666,FRA
8786,75,C,159172,CRO
8786,76,E,46662,FRA
8786,88,C,155707,CRO
8785,31,C,63525,BRA
8785,45,C,3242,BRA
8785,46,G,92699,BRA
8785,48,C,155675,NED
8785,60,C,160385,NED
8785,87,G,155670,NED
8785,90,C,155681,NED
8785,,PG,77376,
8785,,PG,77401,
8785,,PS,161077,
8785,,PS,95564,
8785,119,C,155676,NED
8784,10,C,155677,NED
8784,12,G,155670,NED
8784,17,C,95134,NED
8784,17,G,170102,ARG
8784,22,C,78407,ARG
8784,60,C,44626,ARG
8784,76,C,95134,NED
8784,76,E,95134,NED
8784,86,C,78384,ARG
8784,87,E,78384,ARG
8784,90,G,77376,NED
8783,13,C,155707,CRO
8783,18,C,155340,GER
8783,37,C,155365,GER
8783,40,E,155369,GER
8783,45,G,174637,CRO
8783,57,C,155711,CRO
8783,80,G,155713,CRO
8783,85,G,155711,CRO
8782,2,G,168837,DEN
8782,10,G,96461,BRA
8782,11,C,170688,BRA
8782,19,C,154928,DEN
8782,25,G,170691,BRA
8782,37,C,63545,BRA
8782,39,C,154922,DEN
8782,50,G,52802,DEN
8782,59,G,170691,BRA
8782,72,C,95174,DEN
8782,81,C,76824,BRA
8781,26,C,155963,ITA
8781,28,C,174391,ITA
8781,53,C,170708,FRA
8781,62,C,48455,FRA
8781,,PG,163331,
8781,,PG,170709,
8781,,PG,170711,
8781,,PG,46662,
8781,,PS,166722,
8781,113,C,77242,ITA
8780,27,C,155688,CRO
8780,43,C,174876,ROU
8780,45,G,155711,CRO
8780,70,C,253567,CRO
8780,70,C,56197,ROU
8780,81,C,157403,ROU
8779,5,C,44621,ENG
8779,5,G,75952,ARG
8779,9,G,95571,ENG
8779,10,C,95552,ENG
8779,16,G,170722,ENG
8779,44,C,153978,ARG
8779,45,G,153980,ARG
8779,47,C,76115,ARG
8779,47,E,161454,ENG
8779,73,C,153931,ARG
8779,,PG,170722,
8779,,PG,95570,
8779,,PG,95571,
8779,,PS,95552,
8779,,PS,95982,
8779,110,C,153972,ARG
8778,38,C,44667,YUG
8778,38,G,77376,NED
8778,48,G,170749,YUG
8778,52,C,158774,YUG
8778,73,C,158756,YUG
8778,90,G,160385,NED
8777,45,C,155332,GER
8777,47,G,170333,MEX
8777,56,C,174742,GER
8777,57,C,156595,MEX
8777,74,G,174666,GER
8777,77,C,155365,GER
8777,86,G,155334,GER
8777,87,C,162580,MEX
8777,88,C,159386,GER
8776,19,C,160374,PAR
8776,23,C,162752,PAR
8776,32,C,162607,PAR
8776,84,C,162012,PAR
8776,99,C,166247,PAR
8776,114,G,46662,FRA
8775,3,G,95261,DEN
8775,12,G,52802,DEN
8775,24,C,95166,DEN
8775,49,C,77328,NGA
8775,58,G,171139,DEN
8775,76,G,154928,DEN
8775,77,G,156902,NGA
8774,18,G,155979,ITA
8774,35,C,156980,NOR
8774,38,C,170775,ITA
8774,54,C,77417,NOR
8774,62,C,56798,NOR
8774,84,C,170774,ITA
8774,89,C,174730,ITA
8773,11,G,3242,BRA
8773,26,G,3242,BRA
8773,34,C,154533,CHI
8773,45,C,154560,CHI
8773,45,C,95008,BRA
8773,45,G,92699,BRA
8773,70,G,154557,CHI
8773,72,G,92699,BRA
8773,90,C,76824,BRA
8772,20,C,253567,CRO
8772,23,C,78384,ARG
8772,35,C,153933,ARG
8772,36,G,153970,ARG
8772,43,C,155708,CRO
8772,47,C,155688,CRO
8772,58,C,174637,CRO
8772,68,C,153979,ARG
8771,4,C,156065,JPN
8771,39,G,156015,JAM
8771,54,G,156015,JAM
8771,74,G,94407,JPN
8771,78,C,156004,JAM
8771,88,C,155992,JAM
8770,20,C,111342,COL
8770,20,G,161516,ENG
8770,22,C,155117,ENG
8770,29,G,161454,ENG
8770,86,C,94916,COL
8770,89,C,162645,COL
8770,89,C,95571,ENG
8769,12,G,158279,TUN
8769,28,C,171150,TUN
8769,57,C,158279,TUN
8769,71,G,123663,ROU
8768,3,G,170749,YUG
8768,13,C,84703,USA
8768,41,C,170750,YUG
8768,61,C,159495,YUG
8767,31,C,174666,GER
8767,45,C,174588,GER
8767,47,C,94090,IRN
8767,50,G,155334,GER
8767,57,G,174666,GER
8766,4,G,161077,NED
8766,18,C,156630,MEX
8766,18,G,95564,NED
8766,21,C,155677,NED
8766,46,C,170333,MEX
8766,46,C,95134,NED
8766,58,C,162582,MEX
8766,68,C,77290,MEX
8766,75,G,77290,MEX
8766,89,E,177982,MEX
8766,90,G,170333,MEX
8765,7,G,55176,BEL
8765,48,C,169918,KOR
8765,65,C,76120,BEL
8765,67,C,169920,KOR
8765,72,G,156242,KOR
8765,83,C,156236,KOR
8765,83,C,170329,KOR
8764,18,G,157429,RSA
8764,30,C,156247,KSA
8764,38,C,170647,RSA
8764,45,G,77503,KSA
8764,65,C,93410,RSA
8764,74,G,159267,KSA
8764,90,G,157429,RSA
8763,1,G,162008,PAR
8763,11,G,156922,NGA
8763,25,C,156906,NGA
8763,38,C,77327,NGA
8763,58,G,162752,PAR
8763,86,G,162010,PAR
8762,12,G,95664,FRA
8762,42,G,44298,DEN
8762,53,C,160998,FRA
8762,56,G,95448,FRA
8762,62,C,170707,FRA
8762,65,C,154922,DEN
8762,78,C,95174,DEN
8761,6,G,174605,ESP
8761,16,C,159945,ESP
8761,18,G,77892,ESP
8761,45,C,56083,BUL
8761,55,G,170678,ESP
8761,58,G,52406,BUL
8761,73,C,77902,ESP
8761,81,G,170678,ESP
8761,85,C,159282,BUL
8761,88,G,159282,BUL
8761,90,G,155142,ESP
8760,8,C,170657,CMR
8760,20,G,154559,CHI
8760,50,C,154544,CHI
8760,51,E,170657,CMR
8760,55,C,154552,CHI
8760,56,G,154626,CMR
8760,66,C,154565,CHI
8760,88,E,171400,CMR
8760,89,C,154549,CHI
8759,54,C,77414,NOR
8759,61,C,156982,NOR
8759,78,G,96461,BRA
8759,83,G,156982,NOR
8759,89,G,56798,NOR
8758,21,C,31816,SCO
8758,23,G,156732,MAR
8758,46,G,156741,MAR
8758,53,E,157525,SCO
8758,81,C,181656,MAR
8758,85,G,156732,MAR
8757,3,C,95462,AUT
8757,35,C,154102,AUT
8757,43,C,44613,AUT
8757,48,G,155979,ITA
8757,87,C,174730,ITA
8757,88,C,95666,AUT
8757,90,G,174363,ITA
8757,90,G,174602,AUT
8756,4,C,2354,ROU
8756,46,C,174876,ROU
8756,46,G,123663,ROU
8756,78,C,157389,ROU
8756,81,G,170722,ENG
8756,88,C,160668,ROU
8756,90,G,56197,ROU
8755,16,C,213370,TUN
8755,18,C,154743,COL
8755,82,G,170713,COL
8755,83,C,170737,TUN
8754,8,C,170073,IRN
8754,18,C,170842,USA
8754,41,G,94088,IRN
8754,77,C,94076,IRN
8754,83,G,155853,IRN
8754,87,G,158471,USA
8753,13,G,54219,YUG
8753,52,G,44667,YUG
8753,72,G,158770,YUG
8753,75,C,174742,GER
8753,78,G,155334,GER
8752,4,C,170825,JAM
8752,31,G,78384,ARG
8752,45,C,170825,JAM
8752,45,E,170825,JAM
8752,55,G,78384,ARG
8752,65,C,78407,ARG
8752,73,G,75952,ARG
8752,78,G,75952,ARG
8752,83,G,75952,ARG
8752,88,C,47300,JAM
8751,26,C,174882,CRO
8751,41,C,156056,JPN
8751,70,C,159120,JPN
8751,77,G,155711,CRO
8751,83,C,159172,CRO
8751,89,C,156042,JPN
8750,28,E,156614,MEX
8750,39,C,177982,MEX
8750,42,G,44755,BEL
8750,47,C,162580,MEX
8750,47,G,44755,BEL
8750,54,E,154199,BEL
8750,55,G,77275,MEX
8750,62,G,162580,MEX
8750,68,C,154200,BEL
8749,26,C,156220,KOR
8749,37,G,161077,NED
8749,41,G,91967,NED
8749,71,G,77376,NED
8749,80,G,155681,NED
8749,83,G,95564,NED
8749,90,C,156234,KOR
8748,8,C,155151,ESP
8748,30,C,162008,PAR
8748,76,C,162012,PAR
8748,87,C,155142,ESP
8747,20,C,93446,NGA
8747,28,G,77325,NGA
8747,44,C,93444,NGA
8747,49,C,77325,NGA
8747,66,C,95490,BUL
8747,70,C,77328,NGA
8747,78,C,169766,BUL
8746,12,G,24456,DEN
8746,23,C,154945,DEN
8746,28,C,93425,RSA
8746,51,G,170650,RSA
8746,56,C,169973,DEN
8746,57,C,57693,DEN
8746,63,C,170641,RSA
8746,65,C,170643,RSA
8746,66,E,154935,DEN
8746,68,E,170643,RSA
8746,73,C,93410,RSA
8746,85,E,164614,DEN
8745,7,C,156251,KSA
8745,19,E,77505,KSA
8745,36,C,46662,FRA
8745,37,G,170711,FRA
8745,50,C,166722,FRA
8745,68,G,170709,FRA
8745,71,E,163331,FRA
8745,78,G,170711,FRA
8745,82,C,77503,KSA
8745,85,G,166722,FRA
8744,6,C,154649,CMR
8744,7,G,170774,ITA
8744,16,C,171398,CMR
8744,26,C,77242,ITA
8744,42,E,130674,CMR
8744,63,C,170774,ITA
8744,75,G,155979,ITA
8744,79,C,171399,CMR
8744,85,C,170657,CMR
8744,89,G,155979,ITA
8743,16,C,154565,CHI
8743,26,C,44613,AUT
8743,47,C,154531,CHI
8743,58,C,154557,CHI
8743,70,G,154557,CHI
8743,74,C,60273,CHI
8743,90,G,154102,AUT
8742,9,G,92699,BRA
8742,32,C,156741,MAR
8742,36,C,3242,BRA
8742,45,G,170691,BRA
8742,50,G,96461,BRA
8742,64,C,156734,MAR
8742,87,C,170686,BRA
8741,24,C,174513,SCO
8741,46,G,156980,NOR
8741,53,C,56798,NOR
8741,56,C,157541,SCO
8741,58,C,77403,NOR
8741,66,G,157525,SCO
8740,42,G,95571,ENG
8740,48,C,170737,TUN
8740,70,C,162717,TUN
8740,87,C,158261,TUN
8740,88,C,161455,ENG
8740,89,G,155117,ENG
8739,45,G,157403,ROU
8739,47,C,154743,COL
8739,54,C,160668,ROU
8739,69,C,77463,ROU
8739,78,C,56197,ROU
8738,10,G,155355,GER
8738,30,C,155344,GER
8738,50,C,158461,USA
8738,67,G,174666,GER
8738,77,C,159386,GER
8738,84,C,155340,GER
8738,85,C,158473,USA
8736,5,C,155708,CRO
8736,27,G,159172,CRO
8736,45,G,159346,JAM
8736,53,G,174882,CRO
8736,59,C,155707,CRO
8736,62,C,159305,JAM
8736,69,G,155711,CRO
8735,42,C,158777,YUG
8735,60,C,44667,YUG
8735,73,G,158770,YUG
8734,26,C,51196,JPN
8734,28,G,75952,ARG
8734,67,C,159120,JPN
8734,90,C,156043,JPN
8733,20,C,44655,BEL
8733,30,C,154172,BEL
8733,82,E,155670,NED
8732,20,C,156236,KOR
8732,26,C,77288,MEX
8732,27,C,77275,MEX
8732,27,G,77929,KOR
8732,30,E,77929,KOR
8732,50,G,77290,MEX
8732,75,G,170333,MEX
8732,84,G,170333,MEX
8731,21,G,174605,ESP
8731,24,G,93446,NGA
8731,47,G,155148,ESP
8731,56,C,77886,ESP
8731,59,C,77908,ESP
8731,62,C,93444,NGA
8731,73,G,44789,ESP
8731,75,C,170677,ESP
8731,78,G,106557,NGA
8730,28,C,95448,FRA
8730,36,G,160559,FRA
8730,39,C,170640,RSA
8730,53,C,48455,FRA
8730,75,C,163331,FRA
8730,77,G,170641,RSA
8730,90,G,170711,FRA
8729,11,C,162788,KSA
8729,12,C,164614,DEN
8729,60,C,95166,DEN
8729,69,G,95166,DEN
8729,73,C,24456,DEN
8728,27,C,166906,BUL
8728,45,C,162752,PAR
8728,45,C,58455,BUL
8728,73,C,51338,BUL
8728,89,C,166906,BUL
8728,89,E,166906,BUL
8727,27,C,174858,AUT
8727,30,C,170670,CMR
8727,77,G,171398,CMR
8727,90,G,174872,AUT
8726,8,C,155964,ITA
8726,11,G,155979,ITA
8726,31,C,155957,ITA
8726,45,C,154544,CHI
8726,45,G,154557,CHI
8726,48,G,154557,CHI
8726,53,C,154520,CHI
8726,66,C,154552,CHI
8726,84,G,174363,ITA
8725,37,G,76948,MAR
8725,45,G,181656,NOR
8725,60,G,156741,MAR
8725,61,G,129893,NOR
8725,79,C,156734,MAR
4000,5,G,3242,BRA
4000,25,C,157541,SCO
4000,37,C,3242,BRA
4000,38,G,95068,SCO
4000,45,C,63545,BRA
4000,74,G,95055,BRA
3104,4,C,63529,BRA
3104,41,C,111356,ITA
3104,42,C,77239,ITA
3104,87,C,76824,BRA
3104,,PG,77239,
3104,,PG,77246,
3104,,PM,174363,
3104,,PM,174375,
3104,,PS,106610,
3103,8,G,174431,SWE
3103,30,G,95668,SWE
3103,37,G,77995,SWE
3103,40,G,157927,SWE
3103,70,C,76242,BUL
3103,82,C,157927,SWE
3100,21,G,174363,ITA
3100,25,G,174363,ITA
3100,44,G,58455,BUL
3100,52,C,52406,BUL
3100,61,C,77242,ITA
3100,65,C,52856,BUL
3100,80,C,77239,ITA
3100,83,C,76242,BUL
3099,3,C,92713,BRA
3099,29,C,44320,SWE
3099,63,E,44687,SWE
3099,80,G,63547,BRA
3099,86,C,174431,SWE
3098,40,C,44759,NED
3098,53,G,63547,BRA
3098,63,G,96461,BRA
3098,64,G,77376,NED
3098,74,C,170690,BRA
3098,76,G,44759,NED
3098,81,G,63517,BRA
3098,89,C,44763,NED
3097,3,C,96007,ESP
3097,19,C,160368,ESP
3097,25,G,77240,ITA
3097,58,G,160368,ESP
3097,88,G,174363,ITA
3096,14,C,76281,GER
3096,15,C,78092,GER
3096,22,C,51338,BUL
3096,47,G,174742,GER
3096,49,C,174588,GER
3096,50,C,174666,GER
3096,75,G,58455,BUL
3096,78,G,52856,BUL
3096,82,C,58455,BUL
3096,85,C,185202,BUL
3096,89,C,44739,GER
3095,7,C,174632,SWE
3095,21,C,174876,ROU
3095,34,C,77474,ROU
3095,43,C,44617,SWE
3095,78,G,174431,SWE
3095,88,G,44543,ROU
3095,,PG,157927,
3095,,PG,174431,
3095,,PG,174632,
3095,,PG,174805,
3095,,PG,77995,
3095,,PM,95668,
3095,101,C,44617,SWE
3095,101,E,44617,SWE
3095,101,G,44543,ROU
3095,108,C,157409,ROU
3095,115,G,157927,SWE
3092,6,G,58455,BUL
3092,12,C,95461,BUL
3092,14,C,77299,MEX
3092,17,C,58105,BUL
3092,18,G,77275,MEX
3092,28,C,77278,MEX
3092,34,C,52236,BUL
3092,50,C,95461,BUL
3092,50,E,95461,BUL
3092,57,C,77278,MEX
3092,57,E,77278,MEX
3092,67,C,95443,BUL
3092,70,C,177982,MEX
3092,76,C,77275,MEX
3092,,PG,168221,
3092,,PG,52856,
3092,,PG,81634,
3092,,PS,46120,
3091,2,C,129920,NGA
3091,6,C,106610,ITA
3091,25,G,93859,NGA
3091,29,C,77242,ITA
3091,41,C,93446,NGA
3091,53,C,106557,NGA
3091,58,C,55339,NGA
3091,60,C,77253,ITA
3091,62,C,77240,ITA
3091,75,E,91555,ITA
3091,80,C,174730,ITA
3091,88,G,174363,ITA
3091,102,G,174363,ITA
3090,8,C,63529,BRA
3090,16,C,63515,BRA
3090,43,C,44548,USA
3090,43,E,95008,BRA
3090,49,C,174449,USA
3090,64,C,78809,USA
3090,72,G,96461,BRA
3090,80,C,77537,USA
3090,85,C,78809,USA
3090,85,E,78809,USA
3089,11,G,77376,NED
3089,41,G,77409,NED
3089,72,C,174671,NED
3088,11,G,174512,ROU
3088,16,G,75952,ARG
3088,18,G,174512,ROU
3088,33,C,44585,ARG
3088,50,C,174876,ROU
3088,55,C,76113,ARG
3088,56,C,78407,ARG
3088,58,G,2354,ROU
3088,68,C,77474,ROU
3088,75,G,174364,ARG
3088,83,C,75954,ARG
3088,84,C,174512,ROU
3087,6,G,48179,SWE
3087,16,C,44320,SWE
3087,51,G,157927,SWE
3087,67,C,44687,SWE
3087,71,C,162788,KSA
3087,74,C,174805,SWE
3087,85,G,94332,KSA
3087,88,G,157927,SWE
3086,15,G,174605,ESP
3086,18,C,50025,ESP
3086,19,C,77894,ESP
3086,22,C,77888,ESP
3086,23,C,51021,SUI
3086,69,C,95051,SUI
3086,74,G,77892,ESP
3086,77,C,111406,SUI
3086,85,C,78038,SUI
3086,86,G,46358,ESP
3086,87,C,83850,ESP
3085,6,G,44739,GER
3085,8,G,166579,BEL
3085,11,G,174666,GER
3085,13,C,76281,GER
3085,37,C,78092,GER
3085,38,C,174331,BEL
3085,40,G,44739,GER
3085,90,G,174331,BEL
3084,7,C,58455,BUL
3084,24,C,76242,BUL
3084,34,C,44585,ARG
3084,44,C,76114,ARG
3084,45,C,81656,BUL
3084,58,C,51338,BUL
3084,61,G,58455,BUL
3084,67,C,81656,BUL
3084,67,E,81656,BUL
3084,74,C,46120,BUL
3084,81,C,75952,ARG
3084,90,G,58105,BUL
3083,32,C,54299,GRE
3083,41,C,51779,GRE
3083,45,G,77322,NGA
3083,66,C,106557,NGA
3083,70,C,52063,NGA
3083,90,G,77319,NGA
3082,3,C,53367,KSA
3082,5,G,77510,KSA
3082,61,C,44619,BEL
3082,77,C,77508,KSA
3082,80,C,58162,BEL
3081,12,C,54895,MAR
3081,14,C,92740,MAR
3081,25,C,93542,MAR
3081,28,C,93596,MAR
3081,41,C,93549,MAR
3081,43,G,77376,NED
3081,47,G,54895,MAR
3081,75,C,44763,NED
3081,77,G,44584,NED
3081,79,C,113571,NED
3080,23,C,63545,BRA
3080,23,G,157927,SWE
3080,46,G,63547,BRA
3080,83,C,95668,SWE
3079,12,C,174649,CMR
3079,15,G,95648,RUS
3079,41,G,95648,RUS
3079,44,C,154644,CMR
3079,44,G,95648,RUS
3079,46,G,79318,CMR
3079,57,C,77516,RUS
3079,72,G,95648,RUS
3079,75,G,95648,RUS
3079,81,G,81831,RUS
3079,87,C,95400,RUS
3079,90,C,95645,RUS
3078,25,C,48315,MEX
3078,33,C,77239,ITA
3078,48,G,106610,ITA
3078,57,G,77263,MEX
3078,63,C,77278,MEX
3078,66,C,77275,MEX
3077,3,C,76886,IRL
3077,29,C,174616,IRL
3077,36,C,58272,NOR
3077,45,C,51600,NOR
3077,83,C,84389,IRL
3076,12,G,174666,GER
3076,20,G,44565,GER
3076,24,C,174427,GER
3076,28,C,174666,GER
3076,37,G,174666,GER
3076,44,C,76277,GER
3076,52,G,174626,KOR
3076,63,G,2188,KOR
3076,89,C,111391,KOR
3075,19,G,77901,ESP
3075,46,C,77894,ESP
3075,66,G,160368,ESP
3075,67,G,57487,BOL
3075,70,G,160368,ESP
3075,90,C,160368,ESP
3074,39,C,52293,SUI
3074,44,G,76751,COL
3074,58,C,76751,COL
3074,62,C,44708,COL
3074,80,C,174343,COL
3074,85,C,46931,SUI
3074,90,G,76756,COL
3073,18,G,56197,ROU
3073,41,C,174593,USA
3073,48,C,78809,USA
3073,62,C,44543,ROU
3073,73,C,56197,ROU
3072,5,G,58455,BUL
3072,6,C,122397,GRE
3072,17,C,170745,BUL
3072,26,C,51338,BUL
3072,33,C,76242,BUL
3072,42,C,122393,GRE
3072,55,G,58455,BUL
3072,59,C,54299,GRE
3072,65,G,52856,BUL
3072,70,C,76328,GRE
3072,84,C,81634,BUL
3072,90,G,81634,BUL
3071,8,G,57981,NGA
3071,20,C,156906,NGA
3071,21,G,174454,ARG
3071,28,G,174454,ARG
3071,53,C,129920,NGA
3071,54,C,174454,ARG
3070,7,G,77503,KSA
3070,26,G,47461,MAR
3070,34,C,93595,MAR
3070,45,G,92775,KSA
3070,50,C,135595,KSA
3070,75,C,92775,KSA
3070,78,C,162788,KSA
3070,83,C,179908,MAR
3070,90,C,92722,KSA
3069,19,C,44763,NED
3069,20,C,76120,BEL
3069,39,C,77409,NED
3069,49,C,60000,NED
3069,65,G,174331,BEL
3069,81,C,44566,NED
3069,88,C,77376,NED
3068,1,C,174571,RUS
3068,4,G,95648,RUS
3068,34,C,52106,RUS
3068,37,G,174431,SWE
3068,41,C,157927,SWE
3068,49,C,174571,RUS
3068,49,E,174571,RUS
3068,51,C,44617,SWE
3068,58,C,48179,SWE
3068,59,G,48179,SWE
3068,81,G,48179,SWE
3067,8,C,44685,CMR
3067,37,C,130674,CMR
3067,39,G,63547,BRA
3067,44,C,92629,BRA
3067,63,E,170657,CMR
3067,66,G,92624,BRA
3067,73,G,96461,BRA
3066,26,C,76883,IRL
3066,42,G,77278,MEX
3066,45,C,48315,MEX
3066,57,C,47245,MEX
3066,65,G,77278,MEX
3066,70,C,76893,IRL
3066,84,G,174333,IRL
3065,22,C,162472,BOL
3065,22,C,76145,BOL
3065,32,C,76130,BOL
3065,38,C,52294,KOR
3065,62,C,77943,KOR
3065,82,C,162472,BOL
3065,82,E,162472,BOL
3065,89,C,77941,KOR
3064,21,E,77257,ITA
3064,32,C,46646,NOR
3064,34,C,77241,ITA
3064,68,C,129895,NOR
3064,69,G,77240,ITA
3063,24,C,111336,COL
3063,35,G,174526,COL
3063,48,C,77529,USA
3063,52,G,77535,USA
3063,90,G,76774,COL
3062,16,G,58605,SUI
3062,32,C,77460,ROU
3062,35,G,2354,ROU
3062,40,C,53285,ROU
3062,47,C,46397,ROU
3062,52,G,157814,SUI
3062,65,G,52293,SUI
3062,72,G,52293,SUI
3062,73,E,77484,ROU
3061,21,G,60145,NGA
3061,43,G,77319,NGA
3061,54,C,52856,BUL
3061,55,G,93859,NGA
3061,73,C,93859,NGA
3060,14,G,50025,ESP
3060,15,C,44594,ESP
3060,38,C,96007,ESP
3060,48,G,174666,GER
3060,53,C,174605,ESP
3060,70,C,76277,GER
3059,2,G,75952,ARG
3059,25,C,59170,GRE
3059,40,C,75954,ARG
3059,44,G,75952,ARG
3059,55,C,53574,GRE
3059,60,G,174732,ARG
3059,90,G,75952,ARG
3058,18,G,92775,KSA
3058,28,C,162427,KSA
3058,31,C,162431,KSA
3058,36,C,95572,NED
3058,50,G,77409,NED
3058,61,C,92775,KSA
3058,75,C,77401,NED
3058,86,G,77435,NED
3057,26,G,63547,BRA
3057,52,G,76828,BRA
3057,61,C,95645,RUS
3057,65,C,95400,RUS
3057,78,C,95428,RUS
3056,5,C,174723,CMR
3056,8,G,44320,SWE
3056,31,G,76750,CMR
3056,47,G,174820,CMR
3056,72,C,48179,SWE
3056,75,G,48179,SWE
3055,16,C,129895,NOR
3055,26,C,77414,NOR
3055,62,C,77299,MEX
3055,84,G,56798,NOR
3054,11,G,174490,BEL
3054,23,C,179908,MAR
3054,26,C,76947,MAR
3054,81,C,166579,BEL
3054,85,C,90987,BEL
3054,89,C,110458,MAR
3053,15,G,44543,ROU
3053,34,G,2354,ROU
3053,36,C,122746,COL
3053,39,C,44543,ROU
3053,43,G,76774,COL
3053,53,C,44708,COL
3053,70,C,174343,COL
3053,89,G,44543,ROU
3052,11,G,174616,IRL
3052,30,C,76893,IRL
3052,50,C,76879,IRL
3052,80,C,76883,IRL
3051,26,C,50834,SUI
3051,39,G,46931,SUI
3051,44,G,44766,USA
3051,82,C,111406,SUI
3051,89,C,174593,USA
3050,24,C,77892,ESP
3050,25,E,77908,ESP
3050,37,C,174662,KOR
3050,51,G,44594,ESP
3050,55,G,50025,ESP
3050,61,C,111391,KOR
3050,71,C,160368,ESP
3050,85,G,2188,KOR
3050,90,G,77942,KOR
3049,6,C,174673,GER
3049,37,C,154456,BOL
3049,39,C,76130,BOL
3049,54,C,155355,GER
3049,61,G,174666,GER
3049,66,C,46801,BOL
3049,82,E,49157,BOL
3049,89,C,76141,BOL
2454,43,G,174694,POL
2451,14,G,174645,SCO
2451,19,C,59530,PER
2451,43,G,48106,PER
2451,71,G,174483,PER
2451,77,G,174483,PER
2450,1,C,160825,POL
2450,1,C,174569,POL
2450,1,C,53602,PER
2450,65,G,44679,POL
2450,89,C,44542,PER
2433,45,G,59492,MEX
2433,55,G,51726,TUN
2433,79,G,49925,TUN
2433,87,G,48489,TUN
2431,43,G,160825,POL
2431,52,G,56684,MEX
2431,56,G,44043,POL
2431,84,G,160825,POL
2408,1,C,49130,IRN
2408,43,G,49130,SCO
2408,60,G,48213,IRN
2405,2,G,59530,PER
2405,36,G,174483,PER
2405,39,G,174483,PER
2405,41,G,57171,IRN
2405,60,C,54995,IRN
2405,79,G,174483,PER
2396,26,C,60386,HUN
2396,34,G,44582,ITA
2396,36,G,174398,ITA
2396,60,G,174389,ITA
2396,64,C,53748,HUN
2396,81,G,59086,HUN
2395,1,C,49863,SCO
2395,34,G,44559,NED
2395,44,G,174486,SCO
2395,47,G,49863,SCO
2395,68,G,49863,SCO
2395,71,G,44560,NED
2394,1,C,54722,PER
2394,25,C,44714,NED
2391,18,G,174426,NED
2391,35,C,44560,NED
2391,40,C,174389,ITA
2391,50,C,174586,NED
2391,50,G,174426,NED
2391,65,C,174446,ITA
2391,70,C,44684,ITA
2391,75,G,174586,NED
2388,1,C,49130,IRN
2388,40,G,44559,NED
2388,62,G,44559,NED
2388,79,G,44559,NED
2352,1,C,174791,FRG
2352,1,C,48487,TUN
2350,1,C,174415,FRG
2350,1,C,59492,MEX
2350,15,G,54656,FRG
2350,30,G,174791,FRG
2350,38,G,44587,FRG
2350,44,G,49470,FRG
2350,73,G,44587,FRG
2350,89,G,49470,FRG
2348,1,C,37989,FRG
2348,1,C,54939,NED
2348,3,G,44922,FRG
2348,6,C,59385,NED
2348,27,G,174586,NED
2348,70,G,54656,FRG
2348,84,G,44714,NED
2348,88,E,54939,NED
2347,1,C,61646,FRA
2347,1,G,174688,FRA
2347,29,G,44582,ITA
2347,35,C,44684,ITA
2347,54,G,44773,ITA
2347,60,C,28528,FRA
2344,22,G,53164,FRA
2344,37,G,46475,FRA
2344,41,G,60386,HUN
2344,42,G,44577,FRA
2337,37,C,46785,SWE
2337,75,G,45845,ESP
2253,1,C,63648,BRA
2253,37,G,58120,SWE
2253,45,G,63748,BRA
2252,12,G,63908,BRA
2252,45,G,174694,POL
2252,50,C,63916,BRA
2252,53,C,63649,BRA
2252,57,G,63914,BRA
2252,63,G,63914,BRA
2251,15,G,63751,BRA
2251,28,G,63751,BRA
2251,73,G,63650,BRA
2251,75,C,59530,PER
2251,80,C,63914,BRA
2247,35,C,63908,BRA
2247,38,G,174462,ITA
2247,44,C,69514,BRA
2247,64,G,63908,BRA
2247,72,C,174555,ITA
2247,72,G,63751,BRA
2246,1,C,52839,ESP
2224,42,G,52483,AUT
2221,14,G,44582,ITA
2220,6,G,174426,NED
2220,35,G,44559,NED
2220,36,G,44560,NED
2220,53,G,44560,NED
2220,79,G,55413,AUT
2220,82,G,59385,NED
2217,1,C,174881,AUT
2217,1,C,44922,FRG
2217,1,C,57574,AUT
2217,19,G,44587,FRG
2217,59,G,37656,AUT
2217,66,G,52483,AUT
2217,68,G,174610,FRG
2217,87,G,52483,AUT
2216,9,G,44607,AUT
2216,21,G,57211,ESP
2216,76,G,52483,AUT
2215,40,G,63914,BRA
2202,16,G,174658,ARG
2202,71,G,174658,ARG
2202,75,C,53365,POL
2202,80,C,44124,ARG
2201,1,C,56510,PER
2201,1,C,59530,PER
2201,21,G,174658,ARG
2201,43,G,44683,ARG
2201,48,G,174658,ARG
2201,50,G,174722,ARG
2201,67,G,174617,ARG
2201,72,G,174722,ARG
2200,60,C,174389,ITA
2200,67,G,174398,ITA
2199,10,G,48090,HUN
2199,15,G,174722,ARG
2199,21,C,174810,HUN
2199,48,C,44697,HUN
2199,77,C,174840,ARG
2199,83,G,174395,ARG
2199,88,E,44697,HUN
2199,89,E,174810,HUN
2198,15,C,174681,NED
2198,38,G,174658,ARG
2198,40,C,174354,ARG
2198,82,G,54939,NED
2198,93,C,174691,ARG
2198,94,C,44678,NED
2198,96,C,174796,NED
2198,105,G,174658,ARG
2198,115,G,174395,ARG
2197,1,C,58116,FRA
2197,45,G,174840,ARG
2197,60,G,28528,FRA
2197,73,G,174722,ARG
2196,1,C,179502,BRA
2196,1,C,44736,ARG
2196,1,C,63650,BRA
2196,1,C,63918,BRA
2186,1,C,50437,YUG
2186,8,G,46091,YUG
2186,14,G,174514,YUG
2186,18,G,58597,YUG
2186,22,G,51943,YUG
2186,23,E,54998,ZAI
2186,30,G,46091,YUG
2186,35,G,46718,YUG
2186,61,G,55418,YUG
2186,65,G,56194,YUG
2186,81,G,46091,YUG
2182,1,C,51873,YUG
2182,1,C,51943,YUG
2182,27,G,58597,YUG
2182,29,G,174515,SWE
2182,85,G,59079,SWE
2181,1,C,51482,URU
2181,46,G,174515,SWE
2181,74,G,57506,SWE
2181,77,G,174515,SWE
2176,1,C,50977,SCO
2176,26,G,53200,SCO
2176,34,G,174645,SCO
2176,40,C,52144,ZAI
2175,24,C,55418,YUG
2175,55,C,51943,YUG
2175,60,C,174645,SCO
2175,70,C,173624,SCO
2175,70,C,46091,YUG
2175,81,G,51873,YUG
2175,88,G,174645,SCO
2170,24,G,44043,POL
2170,43,G,51873,YUG
2170,62,G,174694,POL
2167,1,C,174569,POL
2167,43,G,174694,POL
2167,44,C,44679,POL
2129,25,C,174651,POL
2129,38,G,44679,POL
2129,44,G,44043,POL
2129,71,C,174416,ITA
2129,84,C,54782,POL
2129,85,G,174455,ITA
2098,7,G,44560,NED
2098,25,C,53588,URU
2098,50,C,49538,URU
2098,65,C,53785,URU
2098,69,E,54450,URU
2098,86,G,44560,NED
2097,16,C,44560,NED
2097,36,C,174808,SWE
2097,68,C,56161,SWE
2097,74,C,45594,SWE
2097,86,C,50192,SWE
2085,1,C,46330,HAI
2085,17,G,174694,POL
2085,18,G,44043,POL
2085,30,G,44679,POL
2085,31,G,174569,POL
2085,34,G,44679,POL
2085,50,G,44679,POL
2085,87,G,174694,POL
2083,1,C,46330,HAI
2083,46,G,57537,HAI
2083,52,G,44571,ITA
2083,66,G,174389,ITA
2083,79,G,174347,ITA
2067,7,G,174796,NED
2067,59,G,44559,NED
2066,16,C,174828,FRG
2066,35,C,37656,FRG
2066,36,C,47047,YUG
2066,39,G,174428,FRG
2066,61,C,50437,YUG
2066,82,G,174790,FRG
2065,1,C,50192,SWE
2065,24,G,174515,SWE
2065,51,G,174828,FRG
2065,52,G,174415,FRG
2065,53,G,57506,SWE
2065,76,G,174573,FRG
2065,89,G,174612,FRG
2064,76,G,174790,FRG
2063,2,G,174796,NED
2063,3,C,37656,FRG
2063,22,C,44717,NED
2063,25,G,174428,FRG
2063,39,C,174796,NED
2063,43,G,174790,FRG
2063,45,C,1043,NED
2062,27,C,44652,GDR
2062,77,G,44652,GDR
2062,81,C,48073,GDR
2062,84,C,174680,GDR
2004,55,G,50945,GDR
2004,56,C,59542,CHI
2004,60,C,55805,CHI
2004,65,C,52243,GDR
2004,69,G,174914,CHI
2003,1,C,49778,CHI
2003,1,C,56790,CHI
2003,13,C,47407,CHI
2003,18,G,174428,FRG
2003,67,E,47407,CHI
1996,9,C,59500,BUL
1996,44,C,174527,URU
1996,75,G,174414,BUL
1996,87,G,56020,URU
1990,5,C,174635,NED
1990,5,G,174796,NED
1990,22,C,44717,NED
1990,29,C,1043,NED
1990,45,G,174796,NED
1990,67,C,48423,BUL
1990,71,G,44560,NED
1990,78,G,174681,BUL
1990,88,G,69596,NED
1987,12,G,63879,BRA
1987,66,G,63896,BRA
1987,77,C,63907,BRA
1987,78,C,54841,ZAI
1987,79,G,63905,BRA
1986,17,C,55418,YUG
1986,49,C,44956,YUG
1985,1,C,181330,BRA
1985,1,C,44351,BRA
1985,35,C,63896,BRA
1984,71,C,174651,POL
1984,76,C,63879,BRA
1984,76,G,174694,POL
1983,1,C,44678,NED
1983,29,C,63904,BRA
1983,37,C,181327,BRA
1983,44,C,181330,BRA
1983,50,G,174796,NED
1983,65,G,1043,NED
1983,69,C,44560,NED
1983,84,E,63904,BRA
1982,11,C,50516,GDR
1982,27,C,63879,BRA
1982,28,C,174458,BRA
1982,60,G,63896,BRA
1982,75,C,63751,BRA
1982,84,C,44670,GDR
1955,1,C,52243,GDR
1955,1,C,59692,GDR
1955,1,C,59841,GDR
1955,58,G,48123,AUS
1955,72,G,44670,GDR
1954,1,C,53360,AUS
1954,12,G,174828,FRG
1954,34,G,48110,FRG
1954,53,G,174790,FRG
1953,37,C,56868,AUS
1953,83,E,56868,AUS
1952,1,C,174851,ARG
1952,1,C,174949,ARG
1952,7,G,174694,POL
1952,8,G,44679,POL
1952,60,G,50792,ARG
1952,62,G,174694,POL
1952,66,G,174949,ARG
1949,19,G,174617,ARG
1949,35,G,174851,ITA
1949,48,C,174389,ITA
1949,54,C,174949,ARG
1948,10,G,1043,NED
1948,22,C,174796,NED
1948,25,G,174681,NED
1948,35,C,174851,ARG
1948,58,C,44678,NED
1948,73,G,44560,NED
1948,90,G,1043,NED
1947,15,G,60138,ARG
1947,18,G,174617,ARG
1947,26,C,174949,ARG
1947,55,G,174362,ARG
1947,60,C,50792,ARG
1947,60,C,52840,HAI
1947,63,G,57537,HAI
1947,68,G,60138,ARG
1946,14,G,44670,GDR
1946,20,G,174617,ARG
1946,23,C,44652,GDR
1946,68,C,46230,ARG
1945,32,G,63896,BRA
1945,35,G,46956,ARG
1945,49,G,63879,BRA
1945,72,C,174617,ARG
1925,1,C,47121,URS
1925,117,G,174527,URU
1922,90,G,50192,SWE
1919,1,C,174686,TCH
1919,1,C,55321,ROU
1919,5,G,56196,TCH
1919,52,G,55013,ROU
1919,75,G,174511,ROU
1902,1,C,174845,MEX
1902,1,C,53138,URS
1902,1,C,55230,URS
1902,30,C,45842,URS
1902,34,C,53222,URS
1893,65,G,174483,PER
1893,67,G,47480,PER
1893,75,G,174483,PER
1884,1,C,47998,URU
1883,1,C,48065,SWE
1883,10,G,174505,ITA
1882,1,C,44571,ITA
1882,13,G,50119,MEX
1882,25,G,50395,ITA
1882,63,G,44569,ITA
1882,70,G,44571,ITA
1882,76,G,44569,ITA
1881,23,G,53557,URU
1881,50,G,54679,URU
1880,38,C,46202,ISR
1880,53,G,59219,SWE
1880,56,G,58341,ISR
1880,72,C,56161,SWE
1880,89,C,56450,ISR
1877,62,C,56450,ISR
1877,67,C,46391,ISR
1877,90,C,174416,ITA
1843,1,C,49530,URU
1843,1,C,53140,FRG
1843,1,C,53197,FRG
1843,1,C,54450,URU
1843,1,C,59243,URU
1843,26,G,174828,FRG
1840,19,G,174790,FRG
1840,26,G,174790,FRG
1840,39,G,174790,FRG
1840,44,G,174483,PER
1839,21,G,51467,MAR
1839,56,G,57776,FRG
1839,80,G,174790,FRG
1838,1,C,174494,ITA
1838,1,C,174505,ITA
1838,1,C,174790,FRG
1838,1,C,174828,FRG
1838,1,C,44580,ITA
1838,8,G,174416,ITA
1838,90,G,44612,FRG
1838,94,G,174790,FRG
1838,98,G,174438,ITA
1838,104,G,44569,ITA
1838,110,G,174790,FRG
1838,111,G,44571,ITA
1823,1,C,69799,URS
1823,51,G,47121,URS
1823,74,G,47121,URS
1820,1,C,49451,SLV
1820,1,C,53393,SLV
1820,1,C,53654,SLV
1820,1,C,54091,SLV
1820,45,G,59342,MEX
1820,46,G,59342,MEX
1820,58,G,49563,MEX
1820,83,G,46274,MEX
1813,1,C,174503,TCH
1813,50,G,47813,ENG
1812,65,G,174623,ENG
1811,1,C,174790,FRG
1811,1,C,52864,ENG
1811,31,G,54712,ENG
1811,49,G,174852,ENG
1811,68,G,25113,FRG
1811,82,G,57776,FRG
1811,108,G,174790,FRG
1780,13,G,48445,BUL
1780,49,G,174414,BUL
1780,50,G,174552,PER
1780,55,G,47758,PER
1780,73,G,174483,PER
1779,40,G,"(None, None)",BUL
1779,61,G,69831,MAR
1774,12,G,55162,BUL
1774,20,G,53015,FRG
1774,27,G,174790,FRG
1774,52,G,174790,FRG
1774,70,G,57776,FRG
1774,88,G,174790,FRG
1774,89,G,26237,BUL
1771,1,C,49530,URU
1771,1,C,53557,URU
1771,1,C,54679,URU
1771,1,C,63891,BRA
1771,19,G,48099,URU
1771,44,G,47842,BRA
1771,76,G,63879,BRA
1771,89,G,63896,BRA
1770,1,C,51008,TCH
1770,1,C,63880,BRA
1770,1,C,63881,BRA
1770,11,G,56196,TCH
1770,24,G,63896,BRA
1770,59,G,63869,BRA
1770,61,G,63879,BRA
1770,83,G,63879,BRA
1769,1,C,48772,ROU
1769,1,C,54327,ROU
1769,19,G,63869,BRA
1769,22,G,63879,BRA
1769,34,G,174511,ROU
1769,67,G,63869,BRA
1769,84,G,48413,ROU
1768,11,G,63896,BRA
1768,15,G,63881,BRA
1768,28,G,174552,PER
1768,52,G,63881,BRA
1768,70,G,174483,PER
1768,75,G,63879,BRA
1765,1,C,174438,ITA
1765,1,C,63896,BRA
1765,18,G,63869,BRA
1765,37,G,174416,ITA
1765,66,G,63880,BRA
1765,71,G,63879,BRA
1765,86,G,63891,BRA
1764,1,C,52864,ENG
1764,59,G,63879,BRA
1753,14,G,47121,URS
1753,57,G,45842,URS
1753,63,G,47121,URS
1753,76,G,69799,URS
1753,86,G,52706,BEL
1752,1,C,174845,MEX
1752,1,C,44719,BEL
1752,1,C,58913,BEL
1752,1,C,59342,MEX
1752,14,G,174845,MEX
1747,12,G,59429,BEL
1747,54,G,59429,BEL
1747,79,G,52706,BEL
1710,1,C,52134,URS
1710,31,G,61638,URS
1710,33,G,174371,URS
1710,88,G,61638,URS
1709,12,G,39547,POR
1709,43,G,61638,URS
1709,89,G,61699,POR
1702,1,C,95842,POR
1702,1,G,55826,PRK
1702,22,G,52997,PRK
1702,25,G,60119,PRK
1702,27,G,39547,POR
1702,43,G,39547,POR
1702,56,G,39547,POR
1702,59,G,39547,POR
1702,80,G,174360,POR
1682,1,C,57276,URS
1682,57,G,47679,URS
1679,42,G,174832,PRK
1676,5,G,47679,URS
1676,46,G,56397,URS
1676,57,G,174388,HUN
1675,2,G,174360,POR
1675,60,G,174388,HUN
1675,67,G,174360,POR
1675,90,G,61699,POR
1660,1,C,44749,FRG
1660,1,C,58031,URU
1660,11,G,174590,FRG
1660,49,E,70075,URU
1660,54,E,58031,URU
1660,70,G,25113,FRG
1660,75,G,57776,FRG
1660,83,G,174590,FRG
1659,1,C,25113,FRG
1659,1,C,59719,URS
1659,43,G,174590,FRG
1659,44,E,47679,URS
1659,67,G,25113,FRG
1659,88,G,56397,URS
1656,15,G,50746,FRG
1656,20,G,174590,FRG
1656,39,G,25113,FRG
1656,52,G,25113,FRG
1656,77,G,174590,FRG
1653,15,G,48288,FRA
1653,26,G,44576,URU
1653,31,G,47998,URU
1650,48,G,174134,MEX
1650,62,G,50708,FRA
1641,28,G,56509,SUI
1641,57,G,198018,ESP
1641,75,G,174346,ESP
1637,1,C,174828,FRG
1637,1,C,49988,ESP
1637,22,G,49660,ESP
1637,38,G,174521,FRG
1637,84,G,57776,FRG
1635,30,G,43993,ENG
1635,80,G,43993,ENG
1635,82,G,39547,POR
1634,37,G,43993,ENG
1634,75,G,174622,ENG
1633,1,C,174852,ENG
1633,12,G,174590,FRG
1633,18,G,174623,ENG
1633,78,G,174852,ENG
1633,89,G,44749,FRG
1633,101,G,174623,ENG
1633,120,G,174623,ENG
1632,1,C,44665,ENG
1632,38,G,174622,ENG
1632,75,G,174622,ENG
1610,28,G,56397,URS
1610,32,G,53632,CHI
1610,85,G,56397,URS
1609,1,C,53632,CHI
1609,26,G,53632,CHI
1609,88,G,55826,PRK
1608,8,G,174745,ITA
1608,88,G,174377,ITA
1602,1,C,39547,POR
1602,1,C,48445,BUL
1602,17,G,59743,POR
1602,38,G,39547,POR
1602,81,G,61699,POR
1599,15,G,174357,BUL
1599,43,G,48261,HUN
1599,45,G,61644,HUN
1599,54,G,174388,HUN
1598,15,G,58057,POR
1598,27,G,39547,POR
1598,73,G,63885,BRA
1598,85,G,39547,POR
1597,2,G,174388,HUN
1597,14,G,63881,BRA
1597,64,G,49270,HUN
1597,73,G,61644,HUN
1596,1,C,189093,BRA
1596,1,C,52343,BUL
1596,1,C,60309,BUL
1596,15,G,63869,BRA
1596,63,G,63868,BRA
1582,53,G,45828,ARG
1582,81,G,55600,ARG
1579,1,C,25113,FRG
1579,65,E,45358,ARG
1578,65,G,45828,ARG
1578,71,G,63875,ESP
1578,79,G,45828,ARG
1577,1,C,45828,ARG
1577,1,C,56725,ARG
1577,1,C,58223,ARG
1577,35,E,56725,ARG
1577,78,G,174623,ENG
1564,19,G,47146,URU
1564,25,G,58132,YUG
1564,29,G,174551,YUG
1564,49,G,51536,YUG
1564,71,E,47146,URU
1564,71,E,56392,YUG
1563,51,G,182129,URS
1563,83,G,56380,URS
1562,38,G,53537,URS
1562,54,G,57608,URU
1562,89,G,182129,URS
1559,48,G,51753,TCH
1559,69,G,51536,YUG
1559,80,G,57678,TCH
1559,84,G,57678,TCH
1544,1,G,53770,TCH
1544,12,G,48526,MEX
1544,29,G,48365,MEX
1544,90,G,50818,MEX
1532,2,G,174781,ITA
1532,65,G,174436,ITA
1532,67,G,174436,ITA
1525,13,G,57678,TCH
1511,85,G,56563,YUG
1510,45,G,47000,FRG
1510,59,G,57776,FRG
1510,73,G,57710,SUI
1498,80,G,58444,TCH
1497,90,G,174844,ESP
1490,17,G,44689,HUN
1490,60,G,49497,ENG
1490,71,G,174330,HUN
1480,20,G,174551,YUG
1480,25,G,51536,YUG
1480,61,G,174551,YUG
1480,82,G,54059,YUG
1480,87,G,51536,YUG
1479,19,G,60405,COL
1479,56,G,48099,URU
1479,75,G,57608,URU
1478,8,G,182129,URS
1478,10,G,47679,URS
1478,11,G,182129,URS
1478,21,G,44945,COL
1478,56,G,56380,URS
1478,68,G,47883,COL
1478,72,G,56559,COL
1478,76,G,52277,COL
1475,90,G,44579,CHI
1474,11,G,44596,CHI
1474,26,G,47679,URS
1474,29,G,44579,CHI
1473,6,G,60065,SUI
1473,44,G,44596,CHI
1473,51,G,56653,CHI
1473,55,G,44596,CHI
1472,8,E,49385,ITA
1472,41,E,48257,ITA
1472,73,G,56653,CHI
1472,87,G,59050,CHI
1471,21,G,58681,FRG
1471,82,G,57776,FRG
1470,1,G,174330,HUN
1470,6,G,174330,HUN
1470,8,G,44689,HUN
1470,12,G,58243,HUN
1470,53,G,174330,HUN
1470,64,G,58211,BUL
1470,70,G,44689,HUN
1463,15,G,174738,TCH
1463,17,G,63873,BRA
1463,69,G,63867,BRA
1463,78,G,63866,BRA
1461,56,G,61571,BRA
1461,73,G,63869,BRA
1460,35,G,56999,ESP
1460,72,G,63873,BRA
1460,86,G,63873,BRA
1459,31,G,63868,BRA
1459,38,G,174607,ENG
1459,53,G,63866,BRA
1459,59,G,63868,BRA
1458,9,G,63868,BRA
1458,32,G,63868,BRA
1458,42,G,59050,CHI
1458,47,G,63866,BRA
1458,61,G,44596,CHI
1458,78,G,63866,BRA
1458,80,E,52719,CHI
1458,83,E,63868,BRA
1450,17,G,49497,ENG
1450,42,G,43993,ENG
1450,67,G,174575,ENG
1450,81,G,57526,ARG
1447,1,C,54981,ARG
1447,4,G,49203,ARG
1437,49,G,174591,SWE
1437,88,G,58070,SWE
1434,6,G,56175,YUG
1434,49,G,69955,SCO
1426,12,G,55467,YUG
1426,20,G,55962,PAR
1426,29,G,59577,YUG
1426,49,G,45056,PAR
1426,73,G,56618,YUG
1426,80,G,57103,PAR
1423,4,G,45056,PAR
1423,24,G,54653,SCO
1423,45,G,61675,PAR
1423,73,G,55962,PAR
1423,76,G,47886,SCO
1422,19,G,60355,TCH
1422,44,G,53996,NIR
1422,99,G,53996,NIR
1422,102,E,47015,TCH
1421,20,G,48131,NIR
1418,32,G,174336,WAL
1418,89,G,46396,MEX
1415,17,G,58070,SWE
1415,57,G,174705,SWE
1415,64,G,58070,SWE
1408,33,G,44689,HUN
1408,55,G,174336,WAL
1408,76,G,54016,WAL
1408,79,E,44643,HUN
1407,5,G,43940,HUN
1407,27,G,43991,WAL
1406,34,G,174591,SWE
1406,55,G,174591,SWE
1406,77,G,44689,HUN
1403,19,G,44689,HUN
1403,46,G,44689,HUN
1403,54,G,57518,HUN
1403,69,G,46433,HUN
1392,12,G,44545,FRG
1391,24,G,48813,TCH
1391,43,G,60355,TCH
1391,59,G,57659,FRG
1391,70,G,44545,FRG
1390,24,G,57659,FRG
1390,32,G,44644,SWE
1390,59,E,51718,FRG
1390,81,G,174576,SWE
1390,88,G,174591,SWE
1389,19,G,53996,NIR
1389,20,G,44545,FRG
1389,60,G,53996,NIR
1389,79,G,57776,FRG
1388,4,G,29875,FRA
1388,16,G,56175,YUG
1388,63,G,59577,YUG
1388,85,G,29875,FRA
1388,88,G,59577,YUG
1387,22,G,174677,FRA
1387,44,G,29875,FRA
1387,66,G,46087,SCO
1386,20,G,45517,PAR
1386,24,G,29875,FRA
1386,30,G,29875,FRA
1386,44,G,45517,PAR
1386,50,G,57103,PAR
1386,52,G,174861,FRA
1386,61,G,44760,FRA
1386,67,G,29875,FRA
1386,70,G,174677,FRA
1386,83,G,61704,FRA
1385,44,G,44760,FRA
1385,55,G,29875,FRA
1385,63,G,29875,FRA
1385,68,G,174861,FRA
1382,16,G,29875,FRA
1382,18,G,47780,FRG
1382,27,G,174677,FRA
1382,36,G,29875,FRA
1382,50,G,48710,FRA
1382,52,G,44545,FRG
1382,78,G,29875,FRA
1382,84,G,57659,FRG
1382,89,G,29875,FRA
1373,68,G,174630,URS
1372,13,G,58064,URS
1372,55,G,51336,URS
1372,66,G,52071,ENG
1372,85,G,49427,ENG
1345,66,G,63869,BRA
1344,3,G,63866,BRA
1344,77,G,63866,BRA
1343,4,G,174705,SWE
1343,9,G,63866,BRA
1343,32,G,63866,BRA
1343,55,G,63869,BRA
1343,68,G,61571,BRA
1343,80,G,58070,SWE
1343,90,G,63869,BRA
1340,2,G,63866,BRA
1340,9,G,29875,FRA
1340,39,G,63855,BRA
1340,52,G,63869,BRA
1340,64,G,63869,BRA
1340,75,G,63869,BRA
1340,83,G,174861,FRA
1332,15,G,174630,URS
1332,63,G,182129,URS
1327,16,G,52347,AUT
1327,56,G,50717,ENG
1327,70,G,52394,AUT
1327,73,G,52071,ENG
1326,38,G,174341,BRA
1326,49,G,44604,BRA
1326,89,G,174341,BRA
1325,8,G,48813,TCH
1325,17,G,60355,TCH
1325,40,G,60355,TCH
1325,65,G,47957,ARG
1325,69,G,49393,TCH
1325,82,G,51038,TCH
1325,89,G,51038,TCH
1324,3,G,53996,NIR
1324,38,G,47957,ARG
1324,55,G,54112,ARG
1324,59,G,45952,ARG
1323,2,G,47957,ARG
1323,32,G,44545,FRG
1323,40,G,57776,FRG
1323,79,G,44545,FRG
1315,71,G,54212,URU
1315,84,G,44609,URU
1313,17,G,46791,URU
1313,30,G,54212,URU
1313,47,G,46791,URU
1313,54,G,43802,URU
1313,57,G,46791,URU
1313,83,G,54212,URU
1313,85,G,43802,URU
1304,10,G,58524,TUR
1304,18,G,52892,TUR
1304,30,G,58524,TUR
1304,37,G,47074,TUR
1304,64,G,47074,TUR
1304,70,G,47074,TUR
1304,76,G,49105,TUR
1301,14,G,51087,SUI
1301,48,G,174370,SUI
1301,67,G,55058,ITA
1301,85,G,51087,SUI
1301,90,G,49289,SUI
1300,18,G,174370,SUI
1300,44,G,174417,ITA
1300,78,G,51087,SUI
1295,12,G,174485,HUN
1295,47,G,174603,HUN
1295,75,G,50957,URU
1295,86,G,50957,URU
1295,109,G,174669,HUN
1295,116,G,174669,HUN
1294,12,G,174886,HUN
1294,18,G,174690,HUN
1294,24,G,174669,HUN
1294,36,G,174669,HUN
1294,50,G,174669,HUN
1294,59,G,174485,HUN
1294,75,G,55850,HUN
1294,83,G,55850,HUN
1294,89,G,174886,HUN
1285,9,G,51007,FRG
1285,85,G,44545,FRG
1284,7,G,59793,FRG
1284,12,G,57659,FRG
1284,21,G,49107,TUR
1284,30,G,174784,FRG
1284,60,G,174784,FRG
1284,62,G,44747,FRG
1284,77,G,174784,FRG
1284,79,G,57659,FRG
1284,82,G,52892,TUR
1283,2,G,58524,TUR
1283,14,G,57659,FRG
1283,52,G,52280,FRG
1283,60,G,59793,FRG
1283,84,G,174784,FRG
1278,6,G,174886,HUN
1278,8,G,174485,HUN
1278,10,G,174784,FRG
1278,18,G,44545,FRG
1278,84,G,44545,FRG
1277,3,G,174669,HUN
1277,17,G,174886,HUN
1277,21,G,174669,HUN
1277,25,G,56221,FRG
1277,52,G,174603,HUN
1277,54,G,174603,HUN
1277,69,G,174669,HUN
1277,75,G,229609,HUN
1277,77,G,44545,FRG
1277,78,G,174669,HUN
1277,84,G,50849,FRG
1276,15,G,174770,YUG
1275,19,G,61704,FRA
1275,46,G,61589,FRA
1275,54,G,52703,MEX
1275,85,G,46122,MEX
1275,88,G,174677,FRA
1264,5,G,46791,URU
1264,16,G,53136,ENG
1264,39,G,44727,URU
1264,46,G,44609,URU
1264,67,G,49427,ENG
1264,78,G,45523,URU
1263,43,G,54702,ENG
1263,69,G,70047,ENG
1252,48,G,44777,YUG
1252,69,G,63855,BRA
1249,23,G,63850,BRA
1249,30,G,63855,BRA
1249,34,G,63859,BRA
1249,43,G,63859,BRA
1249,69,G,63854,BRA
1248,4,G,174603,HUN
1248,7,G,174669,HUN
1248,18,G,44603,BRA
1248,60,G,174690,HUN
1248,65,G,63854,BRA
1248,71,E,43940,HUN
1248,71,E,44604,BRA
1248,79,E,63856,BRA
1248,88,G,174669,HUN
1243,41,G,55865,ITA
1243,48,G,49719,ITA
1243,58,G,44119,ITA
1243,78,G,174716,ITA
1243,81,G,45671,BEL
1240,5,G,45671,BEL
1240,26,G,46963,ENG
1240,36,G,53136,ENG
1240,63,G,46963,ENG
1240,67,G,47955,BEL
1240,71,G,45671,BEL
1240,91,G,53136,ENG
1240,94,G,48545,BEL
1239,16,G,44666,AUT
1239,22,G,50957,URU
1239,59,G,48082,URU
1239,79,G,174813,AUT
1238,3,G,44666,AUT
1238,4,G,56458,AUT
1238,21,G,56458,AUT
1238,24,G,56458,AUT
1238,65,G,44666,AUT
1237,16,G,174370,SUI
1237,17,G,51087,SUI
1237,19,G,51087,SUI
1237,25,G,59761,AUT
1237,26,G,52394,AUT
1237,27,G,59761,AUT
1237,32,G,174813,AUT
1237,34,G,52394,AUT
1237,39,G,174370,SUI
1237,53,G,59761,AUT
1237,60,G,51087,SUI
1237,76,G,56458,AUT
1236,33,G,56458,AUT
1233,31,G,57659,FRG
1233,47,G,174784,FRG
1233,51,G,56458,AUT
1233,54,G,44747,FRG
1233,61,G,59793,FRG
1233,64,G,44747,FRG
1233,89,G,59793,FRG
1231,5,G,55844,SWE
1231,39,G,174559,URU
1231,40,G,58582,SWE
1231,77,G,54212,URU
1231,85,G,54212,URU
1230,59,G,174771,YUG
1230,70,G,59027,YUG
1230,84,G,55466,YUG
1228,17,G,58582,SWE
1228,26,G,55844,SWE
1228,35,G,53163,PAR
1228,74,G,53162,PAR
1225,20,G,174410,YUG
1225,23,G,47774,YUG
1225,51,G,47774,YUG
1225,81,G,59027,YUG
1225,89,G,55669,MEX
1222,10,G,46042,SUI
1222,44,G,174351,SUI
1222,89,G,69786,MEX
1219,7,G,47284,ITA
1219,25,G,51531,SWE
1219,34,G,45607,SWE
1219,69,G,51531,SWE
1219,78,G,54647,ITA
1218,12,G,47284,ITA
1218,63,G,55865,ITA
1208,17,G,55936,USA
1208,81,G,51194,ESP
1208,83,G,46285,ESP
1208,89,G,60291,ESP
1207,29,G,174559,URU
1207,37,G,46285,ESP
1207,39,G,46285,ESP
1207,73,G,44727,URU
1206,15,G,58582,SWE
1206,33,G,54060,SWE
1206,80,G,55844,SWE
1206,82,G,60291,ESP
1202,38,G,49674,USA
1199,48,G,60291,ESP
1194,16,G,56974,CHI
1194,32,G,48048,CHI
1194,47,G,59780,USA
1194,48,G,53336,USA
1194,54,G,56449,CHI
1194,60,G,48048,CHI
1194,82,G,56883,CHI
1193,17,G,46285,ESP
1193,30,G,60291,ESP
1192,39,G,174786,ENG
1192,51,G,53572,ENG
1191,4,G,45005,BRA
1191,69,G,63844,BRA
1190,47,G,49608,BRA
1190,66,G,44609,URU
1190,79,G,174559,URU
1189,17,G,45005,BRA
1189,36,G,45005,BRA
1189,39,G,63847,BRA
1189,52,G,45005,BRA
1189,58,G,45005,BRA
1189,67,G,45607,SWE
1189,85,G,63849,BRA
1189,88,G,63847,BRA
1188,3,G,69792,BRA
1188,17,G,49289,SUI
1188,32,G,63850,BRA
1188,88,G,49289,SUI
1187,30,G,45005,BRA
1187,65,G,63846,BRA
1187,71,G,63850,BRA
1187,79,G,45005,BRA
1186,1,C,63843,BRA
1186,15,G,55964,BRA
1186,21,G,63846,BRA
1186,31,G,63847,BRA
1186,55,G,63847,BRA
1186,57,G,45005,BRA
1186,67,G,63844,BRA
1186,71,G,51194,ESP
1185,14,G,54212,URU
1185,18,G,44733,URU
1185,23,G,44609,URU
1185,40,G,54212,URU
1185,51,G,54212,URU
1185,54,G,44609,URU
1185,83,G,56123,URU
1185,87,G,174559,URU
1179,2,G,44100,ITA
1179,83,G,47007,NOR
1179,94,G,174862,ITA
1176,1,G,55350,SWE
1176,19,G,51377,HUN
1176,37,G,44693,HUN
1176,39,G,44788,HUN
1176,65,G,44605,HUN
1176,85,G,44788,HUN
1175,40,G,44605,HUN
1175,89,G,44788,HUN
1174,6,G,174474,ITA
1174,8,G,44693,HUN
1174,16,G,174862,ITA
1174,35,G,174474,ITA
1174,70,G,44605,HUN
1174,82,G,174862,ITA
1173,13,G,52327,HUN
1173,15,G,59017,HUN
1173,28,G,44605,HUN
1173,35,G,44788,HUN
1173,76,G,44788,HUN
1173,89,G,44605,HUN
1172,93,G,174679,TCH
1172,111,G,60322,TCH
1172,118,G,174799,TCH
1166,8,G,291616,GER
1166,22,G,53131,GER
1166,42,G,59783,SUI
1166,64,G,46574,SUI
1166,75,G,174322,SUI
1166,78,G,174322,SUI
1165,29,G,49822,GER
1165,43,G,174322,SUI
1165,96,E,56173,GER
1164,9,G,174474,ITA
1164,10,G,50742,FRA
1164,51,G,174862,ITA
1164,72,G,174862,ITA
1158,9,G,45598,SWE
1158,22,G,59912,SWE
1158,37,G,59912,SWE
1158,44,G,59912,SWE
1158,80,G,52017,SWE
1158,81,G,45598,SWE
1158,84,G,55350,SWE
1158,89,G,45598,SWE
1157,35,G,48634,ROU
1157,51,G,58197,CUB
1157,57,G,49358,CUB
1156,35,G,46605,ROU
1156,44,G,58197,CUB
1156,69,G,69663,CUB
1156,88,G,46209,ROU
1156,103,G,58197,CUB
1156,105,G,48634,ROU
1153,25,G,174678,TCH
1153,57,G,63829,BRA
1153,63,G,56956,BRA
1152,14,E,63834,BRA
1152,30,G,63829,BRA
1152,65,G,174799,TCH
1152,89,E,56890,TCH
1152,89,E,63832,BRA
1151,28,G,51569,SWE
1151,38,G,55350,SWE
1151,44,G,63836,BRA
1151,63,G,63829,BRA
1151,74,G,63829,BRA
1151,80,G,56091,BRA
1150,18,G,63829,BRA
1150,23,G,58666,POL
1150,25,G,63836,BRA
1150,44,G,56091,BRA
1150,53,G,44754,POL
1150,59,G,44754,POL
1150,71,G,56091,BRA
1150,89,G,44754,POL
1150,93,G,63829,BRA
1150,104,G,63829,BRA
1150,118,G,44754,POL
1149,51,G,174474,ITA
1149,60,G,174761,ITA
1149,87,G,63836,BRA
1146,1,G,59523,FRA
1146,16,G,55121,FRA
1146,38,G,51297,BEL
1146,69,G,55121,FRA
1143,12,G,52146,SUI
1143,24,G,58627,TCH
1143,49,G,58193,TCH
1143,78,G,51384,SUI
1143,82,G,174799,TCH
1141,11,G,48634,ROU
1141,50,G,174884,TCH
1141,67,G,174799,TCH
1135,18,G,44610,ITA
1135,20,G,174825,ITA
1135,29,G,44610,ITA
1135,57,G,48676,USA
1135,63,G,174537,ITA
1135,64,G,44610,ITA
1135,69,G,174825,ITA
1135,90,G,174761,ITA
1134,71,G,174884,TCH
1134,81,G,174825,ITA
1134,95,G,44610,ITA
1133,7,G,52146,SUI
1133,29,G,58166,NED
1133,43,G,52146,SUI
1133,66,G,174322,SUI
1133,69,G,59550,NED
1130,21,G,174799,TCH
1130,62,G,55223,GER
1130,69,G,174799,TCH
1130,80,G,174799,TCH
1129,60,G,50950,GER
1129,63,G,50950,GER
1129,82,G,48779,SWE
1123,11,G,174761,ITA
1122,30,G,56771,ESP
1122,44,G,174537,ITA
1119,11,G,58843,HUN
1119,31,G,59017,HUN
1119,35,G,49294,EGY
1119,39,G,49294,EGY
1119,53,G,59658,HUN
1119,61,G,59017,HUN
1111,18,G,51276,ESP
1111,25,G,51276,ESP
1111,29,G,52723,ESP
1111,55,G,63829,BRA
1108,25,G,52297,GER
1108,29,G,59711,BEL
1108,43,G,59711,BEL
1108,49,G,58001,GER
1108,66,G,47914,GER
1108,70,G,47914,GER
1108,87,G,47914,GER
1107,19,G,174579,ITA
1106,8,G,51009,AUT
1106,51,G,60365,AUT
1106,60,G,44605,HUN
1106,63,E,53662,HUN
1105,1,G,52908,GER
1105,27,G,47914,GER
1105,28,G,51009,AUT
1105,42,G,52908,GER
1105,54,G,44631,AUT
1104,18,G,55121,FRA
1104,44,G,44642,AUT
1104,93,G,44608,AUT
1104,109,G,174400,AUT
1104,116,G,59574,FRA
1102,4,G,46383,ARG
1102,9,G,51569,SWE
1102,48,G,49694,ARG
1102,67,G,51569,SWE
1102,79,G,52535,SWE
1101,4,G,59734,YUG
1101,18,G,47419,URU
1101,20,G,45675,URU
1101,31,G,45675,URU
1101,61,G,51279,URU
1101,67,G,47419,URU
1101,72,G,47419,URU
1100,7,G,48687,URU
1100,24,G,57652,URU
1100,30,G,45675,URU
1100,35,G,47419,URU
1099,60,G,47398,URU
1098,1,G,48467,ROU
1098,70,E,49705,PER
1098,75,G,58313,PER
1098,79,G,58384,ROU
1098,89,G,52463,ROU
1097,10,G,55992,USA
1097,15,G,55992,USA
1097,50,G,55992,USA
1096,19,G,29657,FRA
1096,40,G,52726,FRA
1096,43,G,53765,FRA
1096,70,G,47331,MEX
1096,87,G,53765,FRA
1095,3,G,59596,CHI
1095,51,G,57131,CHI
1095,65,G,59596,CHI
1094,65,G,58531,CHI
1093,21,G,61698,YUG
1093,30,G,46364,YUG
1093,62,G,63823,BRA
1092,60,G,46364,YUG
1092,65,G,53657,YUG
1092,67,G,46364,YUG
1092,85,G,59734,YUG
1091,37,G,59994,BRA
1091,67,G,63823,BRA
1091,73,G,59994,BRA
1091,83,G,63823,BRA
1090,23,G,53957,USA
1090,45,G,49494,USA
1090,69,G,55992,USA
1089,40,G,56077,PAR
1088,20,G,174777,ARG
1088,56,G,57749,ARG
1088,69,G,61693,ARG
1088,80,G,174854,ARG
1088,85,G,174854,ARG
1088,87,G,61693,ARG
1088,89,G,46989,USA
1087,12,G,48687,URU
1087,20,G,174854,ARG
1087,37,G,61693,ARG
1087,57,G,47419,URU
1087,68,G,51279,URU
1087,89,G,47398,URU
1086,8,G,61693,ARG
1086,12,G,60407,ARG
1086,17,G,61693,ARG
1086,42,G,57131,MEX
1086,53,G,44726,ARG
1086,55,G,60407,ARG
1086,65,G,57131,MEX
1086,75,G,49834,MEX
1086,80,G,61693,ARG
1085,81,G,174777,ARG
1084,12,G,61693,ARG
1084,13,G,61693,ARG
1084,15,G,58531,CHI
1084,51,G,49179,ARG
1071,5,C,44651,SCO
1071,15,G,174645,SCO
1071,59,G,47683,URS
1071,84,G,57932,URS
1071,86,G,44651,SCO
1058,1,C,47683,URS
1058,65,C,47055,POL
1058,87,C,46812,URS
1058,88,C,160825,POL
1058,90,C,46145,URS
1055,31,C,59530,PER
1055,55,G,44647,POL
1055,58,G,174694,POL
1055,61,G,160825,POL
1055,68,G,47055,POL
1055,76,G,47789,POL
1055,83,G,52634,PER
1054,24,G,49828,URS
1054,48,G,174409,URS
1054,68,G,46145,URS
1051,18,G,174486,SCO
1051,29,G,59816,SCO
1051,32,G,59816,SCO
1051,54,G,58575,NZL
1051,64,G,60039,NZL
1051,73,G,181332,SCO
1051,79,G,45752,SCO
1044,1,C,44752,NIR
1012,21,G,174835,TCH
1012,57,G,2204,KUW
996,22,G,44582,ITA
996,43,C,53454,POL
996,51,C,44784,POL
996,57,C,174475,ITA
996,57,C,44647,POL
996,73,G,44582,ITA
995,1,C,174734,ITA
995,10,C,160825,POL
995,47,C,44620,ITA
994,18,G,174477,ITA
994,52,C,44684,ITA
994,76,C,48746,PER
994,83,G,48535,PER
962,81,C,52532,YUG
962,85,C,53616,HON
962,88,G,56207,YUG
962,89,E,60142,HON
959,9,G,45793,NIR
959,60,G,52681,HON
923,31,C,174477,ITA
923,57,G,44582,ITA
923,61,C,174510,FRG
923,69,G,44684,ITA
923,73,C,174824,ITA
923,73,C,44664,FRG
923,81,G,174342,ITA
923,83,G,174428,FRG
923,88,C,174711,FRG
922,47,C,45546,FRA
922,66,G,58116,FRA
922,75,C,174835,TCH
922,84,G,174835,TCH
922,87,E,59682,TCH
921,13,G,49971,FRA
921,40,G,44679,POL
921,44,G,53454,POL
921,46,G,52583,POL
921,62,C,47055,POL
921,71,C,60006,POL
921,72,G,48030,FRA
921,79,C,58227,FRA
920,33,G,174563,FRA
920,46,G,44577,FRA
920,57,C,44690,FRA
920,59,C,50531,NIR
920,68,G,44577,FRA
920,75,G,45793,NIR
920,80,G,174563,FRA
919,30,C,45176,KUW
919,31,G,174554,FRA
919,43,G,28528,FRA
919,48,G,58116,FRA
919,68,C,45546,FRA
919,75,G,45189,KUW
919,85,C,53758,KUW
919,89,G,174423,FRA
914,17,G,174711,FRG
914,26,G,28528,FRA
914,35,C,174563,FRA
914,40,C,174554,FRA
914,46,C,174545,FRG
914,92,G,44701,FRA
914,,PG,174563,
914,,PG,28528,
914,,PG,44577,
914,,PG,45546,
914,,PS,174423,
914,,PS,58116,
914,98,G,174563,FRA
914,102,G,44587,FRG
914,108,G,44107,FRG
903,10,G,50281,YUG
903,14,G,63577,ESP
903,35,C,58464,YUG
903,66,G,57627,ESP
903,78,C,58149,YUG
903,80,C,60272,ESP
903,87,C,166394,ESP
902,20,C,63577,ESP
902,41,C,50531,NIR
902,42,C,53965,NIR
902,47,G,45793,NIR
902,62,E,48672,NIR
901,7,G,60317,HON
901,65,G,168801,ESP
900,1,C,44107,FRG
900,9,C,45376,ESP
900,50,G,174711,FRG
900,75,G,44107,FRG
900,82,G,60272,ESP
900,83,C,159896,ESP
900,84,C,174429,FRG
900,84,C,57490,ESP
896,1,C,174810,HUN
896,4,G,174810,HUN
896,11,G,56368,HUN
896,23,G,44094,HUN
896,32,C,44094,HUN
896,50,G,59088,HUN
896,54,G,44094,HUN
896,64,G,56661,SLV
896,69,G,69419,HUN
896,70,G,58660,HUN
896,72,G,69419,HUN
896,76,G,69419,HUN
896,83,G,174810,HUN
889,40,C,47486,TCH
889,62,G,49571,ENG
889,66,G,46236,ENG
882,27,G,49571,ENG
882,43,C,53649,ENG
882,44,C,54642,KUW
879,68,C,44664,FRG
878,1,G,44573,ENG
878,24,G,58227,FRA
878,34,C,174441,ENG
878,67,G,44573,ENG
878,83,G,53649,ENG
877,15,C,44753,ENG
834,34,C,55837,POL
834,40,C,45705,CMR
834,80,C,79318,CMR
833,80,C,174794,CMR
828,36,C,174352,ITA
828,36,C,54860,CMR
828,60,G,174574,ITA
828,61,G,53311,CMR
813,9,G,44587,FRG
813,11,C,48755,CHI
813,29,C,49739,CHI
813,57,G,44587,FRG
813,66,G,44587,FRG
813,83,G,56785,FRG
813,90,G,54559,CHI
791,34,G,46115,URS
791,75,G,63627,BRA
791,88,G,63651,BRA
790,18,G,54948,SCO
790,33,G,63650,BRA
790,48,G,63648,BRA
790,63,G,63651,BRA
790,87,G,63630,BRA
789,28,G,63650,BRA
789,31,G,63650,BRA
789,64,G,63630,BRA
789,70,G,63736,BRA
788,5,G,44582,ITA
788,12,G,63627,BRA
788,13,C,174555,ITA
788,25,G,44582,ITA
788,68,G,63630,BRA
788,74,G,44582,ITA
788,78,C,174824,ITA
783,1,C,174396,URS
783,48,G,55462,URS
782,4,G,160825,POL
782,26,G,160825,POL
782,48,C,44647,POL
782,53,G,160825,POL
779,27,G,59460,HUN
779,65,C,174857,BEL
779,76,G,48143,BEL
779,79,C,54021,BEL
774,17,C,55706,SLV
774,19,G,47861,BEL
774,74,C,49213,SLV
771,27,G,50531,NIR
771,50,G,174856,AUT
771,68,G,50899,AUT
771,75,G,50531,NIR
771,86,C,56258,AUT
770,10,G,174619,FRG
770,32,C,44607,AUT
770,32,C,50899,AUT
767,39,G,174554,FRA
767,60,C,55413,AUT
764,12,C,48356,AUT
764,22,G,44607,AUT
764,29,C,49802,CHI
764,66,C,50700,AUT
753,1,C,174555,ITA
753,15,C,44582,ITA
753,32,C,174658,ARG
753,35,C,174732,ARG
753,39,C,174354,ARG
753,57,G,44684,ITA
753,67,G,174446,ITA
753,83,G,174840,ARG
753,84,E,44124,ARG
752,26,G,174395,ARG
752,28,G,174732,ARG
752,57,G,174732,ARG
752,60,G,174354,ARG
752,76,G,56368,HUN
751,20,C,55706,SLV
751,22,G,174840,ARG
751,26,C,56661,SLV
751,31,C,174817,ARG
751,44,C,44124,ARG
751,45,C,56757,SLV
751,54,G,174395,ARG
750,11,G,63650,BRA
750,33,C,174840,ARG
750,66,G,63736,BRA
750,75,G,252326,BRA
750,77,C,59772,BRA
750,85,C,63630,BRA
750,85,E,174732,ARG
750,89,G,174500,ARG
749,50,C,54248,BEL
749,55,C,174395,ARG
749,62,G,44723,BEL
741,54,G,53379,ALG
741,57,C,174619,FRG
741,67,G,44587,FRG
741,68,G,43897,ALG
741,83,C,53379,ALG
740,1,C,52964,CHI
740,7,G,45875,ALG
740,31,G,45875,ALG
740,35,G,46465,ALG
740,59,G,55032,CHI
740,73,G,52964,CHI
739,55,G,44607,AUT
739,67,C,53585,ALG
739,67,G,52483,AUT
712,1,E,174381,URU
712,32,C,47147,URU
712,48,C,54948,SCO
712,62,C,55115,SCO
712,72,C,48591,URU
712,87,C,174344,URU
701,46,C,60006,POL
701,68,G,44647,POL
701,89,C,48820,POL
680,3,G,174543,MEX
680,5,C,169965,PAR
680,26,C,174797,MEX
680,30,C,57679,PAR
680,75,C,174153,MEX
680,80,C,59132,MEX
680,85,G,57097,PAR
675,19,G,52077,MAR
675,27,G,52077,MAR
675,62,G,52517,MAR
675,64,C,174566,POR
675,79,G,166526,POR
674,33,C,58975,MAR
643,17,C,174662,KOR
643,17,G,174342,ITA
643,31,C,46060,ITA
643,35,C,174837,KOR
643,62,G,44001,KOR
643,65,C,44620,ITA
643,70,C,44734,ITA
643,71,C,230480,KOR
643,73,G,174342,ITA
643,82,G,47704,KOR
643,83,G,51091,KOR
628,29,C,53436,IRQ
628,35,G,57097,PAR
628,45,C,57679,PAR
627,30,C,54202,IRQ
627,54,G,56535,MEX
627,73,C,45423,IRQ
610,2,G,60106,URS
610,4,G,174334,URS
610,24,G,174386,URS
610,66,G,44768,URS
610,73,G,48188,URS
610,80,G,56993,URS
585,4,G,174345,URU
585,28,C,48591,URU
585,62,C,57579,URU
585,84,G,174339,FRG
580,18,G,58474,SCO
580,22,G,44739,FRG
580,30,C,45752,SCO
580,44,C,46191,SCO
580,50,G,174339,FRG
580,74,C,174731,SCO
575,20,C,45078,MEX
575,27,C,174339,FRG
575,27,C,56535,MEX
575,56,C,44112,FRG
575,65,E,174392,FRG
575,75,C,69332,MEX
575,83,C,57857,MEX
575,86,C,174742,FRG
575,94,C,174153,MEX
575,,PG,174797,
575,,PS,56535,
575,,PS,57857,
575,100,E,45078,MEX
574,29,C,52717,MAR
574,65,C,52642,MAR
574,88,G,174742,FRG
571,30,C,44552,URS
571,33,C,174386,URS
571,40,C,174535,FRA
571,43,C,45546,FRA
571,53,G,44552,URS
571,62,G,174535,FRA
568,15,G,28528,FRA
568,16,C,174492,ITA
568,40,C,45969,FRA
568,57,G,58469,FRA
568,67,C,48492,ITA
567,29,G,58469,FRA
567,41,C,45969,FRA
567,62,G,44690,FRA
567,69,C,44577,FRA
567,84,G,44577,FRA
564,9,G,174427,FRG
564,59,C,174724,FRG
564,89,C,174535,FRA
564,90,G,44739,FRG
551,2,G,174442,ESP
551,18,G,44594,ESP
551,47,G,47815,NIR
551,50,C,166470,ESP
551,85,C,50531,NIR
538,17,C,49325,ENG
538,75,G,63677,POR
538,78,C,174441,ENG
538,88,C,63678,POR
537,9,G,174708,ENG
537,14,G,174708,ENG
537,34,G,174708,ENG
537,52,C,49325,ENG
536,31,G,174708,ENG
536,37,C,167893,ENG
536,56,G,174384,ENG
536,60,C,55317,PAR
536,67,C,174609,ENG
536,72,G,174708,ENG
533,40,C,44753,ENG
533,42,E,44753,ENG
533,50,C,52642,MAR
533,68,C,50696,ENG
533,76,C,52077,MAR
522,7,C,174803,DEN
522,11,G,174520,DEN
522,13,C,46827,URU
522,19,E,46827,URU
522,35,C,48152,URU
522,41,G,52953,DEN
522,45,G,189880,URU
522,52,G,44298,DEN
522,67,G,174520,DEN
522,80,G,174520,DEN
522,88,G,55555,DEN
517,57,G,174520,DEN
517,84,C,46491,DEN
512,36,C,45799,DEN
512,43,G,55555,DEN
512,48,C,48852,FRG
512,51,C,51403,FRG
512,62,G,49091,DEN
512,88,E,45799,DEN
511,26,C,45574,DEN
511,27,C,166547,ESP
511,32,C,159896,ESP
511,33,G,55555,DEN
511,43,G,174442,ESP
511,57,G,174442,ESP
511,60,C,166466,ESP
511,68,G,166547,ESP
511,80,G,174442,ESP
511,89,G,174442,ESP
476,58,G,174409,URS
476,74,G,44775,URS
475,2,G,49148,HUN
475,52,C,58636,CAN
475,75,G,48469,HUN
475,83,C,52930,CAN
475,85,E,58636,CAN
468,79,G,95450,FRA
463,34,G,174797,MEX
463,58,C,45732,BUL
463,61,G,57857,MEX
460,11,G,49898,BUL
460,31,C,174662,KOR
460,49,C,50165,BUL
460,60,C,230480,KOR
460,70,G,181121,KOR
459,43,G,174342,ITA
459,48,C,174391,ITA
459,51,C,53663,BUL
459,64,C,174446,ITA
459,85,G,58105,BUL
444,13,C,48820,POL
444,30,C,160825,POL
444,30,G,63627,BRA
444,32,C,44647,POL
444,36,C,55528,BRA
444,55,G,63548,BRA
444,79,G,179502,BRA
444,83,C,179502,BRA
444,83,G,55528,BRA
441,12,C,48672,NIR
441,15,G,55528,BRA
441,42,G,63548,BRA
441,87,G,55528,BRA
440,17,G,55528,BRA
440,41,G,28528,FRA
440,,PG,174535,
440,,PG,45546,
440,,PG,46392,
440,,PG,58469,
440,,PM,28528,
439,4,C,51698,ESP
439,62,G,63627,BRA
439,82,C,63517,BRA
432,27,G,174386,URS
432,56,G,44619,BEL
432,65,C,56809,BEL
432,70,G,174386,URS
432,77,G,43988,BEL
432,102,G,44042,BEL
432,110,G,44006,BEL
432,111,G,174386,URS
429,30,G,44728,BEL
429,50,G,47133,PAR
429,55,C,43988,BEL
429,55,C,57097,PAR
429,59,G,59586,BEL
429,76,G,47133,PAR
428,23,C,174153,MEX
428,23,G,56535,MEX
428,39,G,174153,MEX
428,45,G,44723,BEL
428,56,C,44715,BEL
428,83,C,54734,MEX
427,1,C,46282,IRQ
427,16,C,44006,BEL
427,16,G,44619,BEL
427,20,C,57435,IRQ
427,21,G,44006,BEL
427,29,C,57418,IRQ
427,42,C,50674,IRQ
427,48,C,53436,IRQ
427,52,C,46282,IRQ
427,52,E,46282,IRQ
427,59,G,200785,IRQ
427,65,C,44904,IRQ
422,11,G,43988,BEL
422,27,G,49383,FRA
422,43,G,95450,FRA
422,63,C,174857,BEL
422,73,G,44006,BEL
422,104,G,174554,FRA
422,111,G,45546,FRA
421,24,C,44042,BEL
421,35,G,43988,BEL
421,39,C,56808,ESP
421,44,C,159846,ESP
421,85,G,163644,ESP
421,,PG,44006,
421,,PG,44619,
421,,PG,44731,
421,,PG,46980,
421,,PG,59398,
421,115,C,166579,BEL
398,30,C,49800,ARG
398,35,C,189880,URU
398,42,G,55975,ARG
398,49,C,174434,ARG
398,58,C,44947,URU
398,68,C,57553,URU
398,83,C,174885,ARG
398,85,C,48152,URU
395,6,G,44707,ARG
395,18,G,44585,ARG
395,44,C,51091,KOR
395,46,G,44707,ARG
395,50,C,55941,KOR
395,73,G,55941,KOR
394,6,G,174342,ITA
394,34,G,174732,ARG
394,54,C,174391,ITA
394,58,C,174564,ARG
394,65,C,49800,ARG
393,17,C,174732,ARG
393,21,C,174742,FRG
393,23,G,174434,ARG
393,56,G,44707,ARG
393,62,C,174429,FRG
393,74,G,44587,FRG
393,77,C,174816,ARG
393,81,C,174524,ARG
393,81,G,44739,FRG
393,84,G,174440,ARG
393,85,C,174885,ARG
392,9,C,49325,ENG
392,51,G,174732,ARG
392,55,G,174732,ARG
392,60,C,174382,ARG
392,81,G,174708,ENG
389,3,G,44707,ARG
389,25,C,174484,ARG
389,76,G,174440,ARG
388,27,C,59586,BEL
388,33,C,44707,ARG
388,51,G,174732,ARG
388,63,G,174732,ARG
379,6,G,44752,NIR
379,36,C,53585,ALG
379,58,C,60050,NIR
379,59,G,60352,ALG
379,78,C,53965,NIR
379,79,C,44752,NIR
378,15,G,159846,ESP
378,33,C,53379,ALG
378,68,G,159846,ESP
378,70,G,63581,ESP
378,89,C,166547,ESP
377,66,G,55528,BRA
364,5,G,44677,YUG
364,9,G,174834,YUG
364,20,C,174430,YUG
364,22,G,94432,UAE
364,36,C,174787,UAE
364,46,G,174834,YUG
364,66,C,44591,YUG
364,76,C,174787,UAE
364,76,C,174834,YUG
364,76,E,174787,UAE
364,90,G,174882,YUG
355,26,G,44645,TCH
355,30,C,174683,TCH
355,39,C,174765,USA
355,40,G,174403,TCH
355,44,C,44702,USA
355,50,G,174594,TCH
355,52,E,44766,USA
355,60,G,174449,USA
355,62,C,174648,TCH
355,78,G,44645,TCH
355,90,G,174719,TCH
348,11,G,174747,SCO
348,59,C,44687,SWE
348,68,C,174758,SCO
348,81,G,174642,SCO
348,86,G,44672,SWE
342,11,C,174659,URS
342,41,G,174687,ROU
342,44,C,174687,ROU
342,55,G,174687,ROU
290,22,C,174697,KOR
290,23,C,174827,URU
290,44,C,174601,URU
290,62,C,174469,KOR
290,70,E,44770,KOR
290,90,G,44115,URU
265,11,G,174560,ITA
265,62,C,174373,USA
265,68,C,174539,ITA
264,15,C,44593,URU
264,25,C,174344,URU
264,34,C,174846,URU
264,36,C,174393,ITA
264,61,C,174585,URU
264,65,G,44611,ITA
264,83,G,44629,ITA
263,9,G,44611,ITA
263,26,C,95311,TCH
263,29,C,44645,TCH
263,44,C,174363,ITA
263,70,C,174393,ITA
263,78,G,174363,ITA
248,21,C,174333,IRL
248,,PG,174721,
248,,PG,2354,
248,,PG,44583,
248,,PG,53285,
248,,PS,44691,
248,107,C,174751,IRL
248,112,C,2354,ROU
248,116,C,174721,ROU
243,35,C,174489,ITA
243,38,G,44611,ITA
243,42,C,174782,IRL
228,11,G,174582,NED
228,43,C,44566,NED
228,71,G,44540,IRL
201,6,C,174427,FRG
201,28,G,174742,FRG
201,39,G,174666,FRG
201,55,G,44241,YUG
201,64,G,174742,FRG
201,70,G,44739,FRG
198,26,C,174774,UAE
198,30,C,174427,FRG
198,30,C,94428,UAE
198,35,G,44739,FRG
198,37,G,174666,FRG
198,46,G,94471,UAE
198,47,G,174742,FRG
198,58,G,174385,FRG
198,75,G,44739,FRG
197,11,C,174783,TCH
197,14,C,174403,TCH
197,25,G,174742,FRG
197,28,C,174666,FRG
197,38,C,44669,TCH
197,70,E,174783,TCH
197,88,C,174667,TCH
196,20,C,44566,NED
196,21,C,44739,FRG
196,22,E,44566,NED
196,22,E,44739,FRG
196,32,C,44763,NED
196,51,G,174666,FRG
196,72,C,41373,NED
196,77,C,174742,FRG
196,85,G,174427,FRG
196,89,G,174671,NED
181,7,C,174652,YUG
181,59,C,44742,YUG
181,78,G,44667,YUG
181,84,G,44594,ESP
181,92,C,63539,ESP
181,93,G,44667,YUG
181,98,C,44744,YUG
181,110,C,63538,ESP
180,10,C,174846,URU
180,24,C,174641,ESP
180,68,C,44737,ESP
180,80,C,189880,URU
175,23,G,166466,ESP
175,28,C,174470,KOR
175,43,G,174625,KOR
175,51,C,44770,KOR
175,61,G,166466,ESP
175,68,C,174625,KOR
175,81,G,166466,ESP
162,71,G,174363,ITA
162,81,G,174867,ENG
162,86,G,44611,ITA
161,9,G,174708,ENG
161,73,G,44634,IRL
161,75,C,174757,ENG
159,60,G,174427,FRG
159,65,C,174838,ENG
159,80,G,174708,ENG
159,,PG,174384,
159,,PG,174708,
159,,PG,174867,
159,,PM,44745,
159,,PS,174842,
159,98,C,174553,ENG
159,110,C,174427,FRG
152,51,C,174785,IRL
152,72,C,184623,EGY
151,55,C,44550,EGY
151,58,C,174661,NED
151,58,G,174661,NED
151,83,G,174321,EGY
150,36,C,174321,EGY
150,48,C,174596,EGY
150,58,G,44764,ENG
150,88,C,174384,ENG
129,5,C,94770,CRC
129,12,G,44645,TCH
129,53,C,174594,TCH
129,55,G,94770,CRC
129,56,C,174668,TCH
129,63,G,44645,TCH
129,67,C,44669,TCH
129,75,C,174733,CRC
129,76,G,174683,TCH
129,82,G,44645,TCH
128,18,C,44672,SWE
128,28,C,174567,CRC
128,32,G,95459,SWE
128,53,C,174733,CRC
128,74,C,44617,SWE
128,75,G,174544,CRC
128,87,G,174762,CRC
127,49,G,174463,CRC
120,75,G,44241,YUG
120,85,C,44667,YUG
119,5,C,94436,UAE
119,50,G,44555,COL
119,55,C,174774,UAE
119,70,C,94420,UAE
119,85,G,44708,COL
114,15,C,122746,COL
114,30,C,168124,COL
114,38,C,174343,COL
114,63,C,174392,FRG
114,88,G,174711,FRG
114,90,G,154742,COL
111,20,G,174883,URS
111,29,G,44783,URS
111,52,G,44775,URS
111,61,C,174649,CMR
111,63,G,174504,URS
111,66,C,79318,CMR
111,75,C,174883,URS
108,20,C,174822,CMR
108,44,C,167157,ROU
108,68,C,174794,CMR
108,76,G,79318,CMR
108,86,G,79318,CMR
108,88,G,174366,ROU
103,25,G,174867,ENG
103,28,C,174740,CMR
103,61,G,174684,CMR
103,65,G,174518,CMR
103,70,C,174842,ENG
103,83,G,174708,ENG
103,105,C,174794,CMR
103,105,G,174708,ENG
103,119,C,79318,CMR
102,44,C,174649,CMR
102,46,C,174793,CMR
102,68,C,174723,CMR
102,72,C,174847,COL
102,73,C,168124,COL
102,106,G,79318,CMR
102,108,G,79318,CMR
102,115,G,44555,COL
102,117,C,174822,CMR
75,38,C,63527,BRA
75,40,G,55528,BRA
75,60,C,63517,BRA
75,63,G,55528,BRA
75,79,G,174431,SWE
75,83,C,174804,SWE
75,88,C,170690,BRA
74,5,C,174642,SCO
74,8,C,174755,SCO
74,81,G,63524,BRA
73,16,C,174636,CRC
73,33,G,63524,BRA
73,59,C,174567,CRC
73,88,C,63515,BRA
73,90,C,63527,BRA
66,15,G,174473,BEL
66,24,G,44619,BEL
66,35,C,174557,BEL
66,40,C,95003,URU
66,42,C,174557,BEL
66,42,E,174557,BEL
66,47,G,43988,BEL
66,73,G,174390,URU
57,39,C,44001,KOR
57,53,G,174490,BEL
57,64,G,174496,BEL
56,26,G,166466,ESP
56,29,G,44731,BEL
56,38,G,166540,ESP
55,87,C,174553,ENG
55,119,G,174867,ENG
48,21,C,44787,AUT
48,26,C,174449,USA
48,28,C,174373,USA
48,31,C,174843,AUT
48,33,E,174356,AUT
48,42,C,174792,USA
48,49,G,174815,AUT
48,50,C,44557,AUT
48,58,C,44758,USA
48,63,G,44578,AUT
48,83,G,174792,USA
48,84,C,174707,AUT
48,90,C,174565,AUT
43,22,C,174843,AUT
43,31,G,174403,TCH
43,52,C,174783,TCH
43,62,C,174683,TCH
43,71,C,44787,AUT
43,85,C,174858,AUT
42,6,C,174602,AUT
42,78,G,44611,ITA
31,21,C,44630,ARG
31,24,C,44591,YUG
31,31,E,44591,YUG
31,42,C,174816,ARG
31,61,C,44704,ARG
31,,P?,44704,
31,,PG,174440,
31,,PG,174498,
31,,PG,44630,
31,,PS,174732,
31,110,C,44640,ARG
30,27,G,44704,ARG
30,48,E,174396,URS
30,51,C,44783,URS
30,55,C,44630,ARG
30,57,C,174454,ARG
30,70,C,174732,ARG
30,73,C,174440,ARG
30,77,C,174779,ARG
30,79,G,174440,ARG
29,4,C,174687,ROU
29,8,C,2354,ROU
29,32,C,53285,ROU
29,62,G,174779,ARG
29,68,G,174366,ROU
29,73,C,44630,ARG
29,86,C,174382,ARG
28,17,G,44611,ITA
28,22,C,174560,ITA
28,30,C,174564,ARG
28,67,G,174454,ARG
28,70,C,44585,ARG
28,76,C,174816,ARG
28,82,C,174454,ARG
28,,PG,174440,
28,,PG,174732,
28,,PG,174816,
28,,PG,44630,
28,103,C,174564,ARG
28,103,E,174564,ARG
28,120,C,174382,ARG
27,5,C,174498,ARG
27,52,C,44739,FRG
27,65,E,174779,ARG
27,84,C,44704,ARG
27,85,G,174427,FRG
27,87,C,174732,ARG
27,87,E,174498,ARG
26,9,C,174740,CMR
26,23,C,174793,CMR
26,27,C,44626,ARG
26,53,C,174723,CMR
26,61,E,174649,CMR
26,67,G,174820,CMR
26,88,E,174740,CMR
25,27,C,174779,ARG
25,28,C,174564,ARG
25,40,C,63518,BRA
25,50,C,168114,BRA
25,81,G,174454,ARG
25,85,E,63516,BRA
25,87,C,168112,ARG
